ph,alcohol,quality,country,price,rate,year,decade,type
3.57,10.2,5,Italy,145.65,88,1982,198,RIESLING
3.2,9.8,5,Argentina,17.12,53,2000,200,Merlot
3.42,11,6,Kazahstan,63.31,8,2003,200,Shiraz
3.52,11.2,6,Argentina,89.87,82,2002,200,Merlot
3.45,10.5,5,Argentina,128.45,93,2007,200,Shiraz
3.51,9.4,5,Kazahstan,20.38,66,1973,197,Merlot
3.42,9.5,6,Italy,95.91,13,1992,199,Pinot
3.42,13.68,6,California,122.33,26,1980,198,RIESLING
3.67,11.6,6,Italy,69.56,40,1994,199,RIESLING
3.32,11.6,6,Kazahstan,55.92,19,1969,196,RIESLING
3.29,9.2,5,Italy,191.42,89,1980,198,Pinot
3.27,12.8,6,Argentina,155.21,39,1975,197,Pinot
3.55,10.9,6,Montenegro,154.54,84,1990,199,Merlot
3.34,11.4,6,Kazahstan,53.67,26,1977,197,Merlot
3.3,11.5,6,Montenegro,82.53,22,1991,199,RIESLING
3.33,13.32,5,California,33.78,95,2008,200,Pinot
3.57,11.9,5,Kazahstan,74.69,57,1962,196,Shiraz
3.54,11.3,5,Argentina,136.9,94,1986,198,RIESLING
3.36,11.9,6,Argentina,135.11,47,1979,197,Pinot
3.04,9.2,6,Argentina,19.36,5,2013,201,Shiraz
3.54,14.16,5,California,165.6,44,2002,200,RIESLING
3.42,11.3,6,Kazahstan,69.76,45,1991,199,RIESLING
3.54,11.9,6,Kazahstan,63.11,95,1986,198,Shiraz
3.3,10.8,6,Argentina,137.8,51,1994,199,Merlot
3.26,11.8,6,Montenegro,56.15,39,2013,201,Chardonnay
3.39,10.5,6,France,76,38,1971,197,RIESLING
3.33,9.5,5,Argentina,121.68,76,1987,198,Chardonnay
3.44,11.1,6,France,196,98,2014,201,Shiraz
3.37,12.4,6,Italy,117.48,88,2008,200,Chardonnay
3.48,11.5,6,Argentina,102.45,73,1985,198,Pinot
3.34,9.2,5,Montenegro,103.55,11,1996,199,Merlot
3.29,10.1,5,Argentina,157.33,37,1967,196,RIESLING
3.34,11.2,6,France,118,59,1977,197,Merlot
3.39,10.9,6,France,110,55,1969,196,Shiraz
3.29,13.16,5,California,49.51,9,1979,197,Shiraz
3.29,10.1,5,Montenegro,79.23,6,1997,199,Pinot
3.29,10.1,5,Argentina,68.9,69,1991,199,Chardonnay
3.21,9.9,5,Kazahstan,54.57,75,1981,198,Pinot
3.21,9.9,5,Argentina,54.81,79,1960,196,Pinot
3.21,9.9,5,Kazahstan,61.22,36,2007,200,Shiraz
3.22,9.5,5,Australia,112.86,84,1992,199,Pinot
3.54,11,6,Italy,196.02,21,2001,200,Chardonnay
3.53,9.9,5,Italy,132.51,67,1987,198,Pinot
3.44,10.55,7,Kazahstan,58.99,71,1986,198,Pinot
3.54,11,6,Italy,79.42,82,1986,198,Shiraz
3.41,13.64,5,California,131.51,84,1967,196,Pinot
3.44,9.4,5,Argentina,170.26,68,1970,197,Chardonnay
3.45,9.5,5,Kazahstan,69.28,22,1990,199,Pinot
3.24,11.4,8,France,162,81,1968,196,Shiraz
3.1,12.4,5,California,82.68,53,1997,199,Shiraz
3.55,14.2,5,California,76.73,78,1971,197,Merlot
3.36,10.2,5,France,168,84,2009,200,Shiraz
3.39,9.4,6,Montenegro,115.27,99,2004,200,Shiraz
3.17,11.2,7,France,98,49,2002,200,Merlot
3.25,10.4,6,Kazahstan,72.46,90,2013,201,Merlot
3.34,9.5,5,Argentina,101.15,44,1980,198,Merlot
3.3,10.75,6,Kazahstan,66.29,35,1962,196,Pinot
3.34,10.6,7,Italy,254.18,89,2006,200,Pinot
3.56,14.24,6,California,159.37,59,1973,197,Pinot
3.46,9.9,5,Argentina,117.18,39,1965,196,Pinot
3.57,12,5,Italy,111.69,17,1992,199,Shiraz
3.5,14,6,California,65.43,61,2000,200,RIESLING
3.6,10.3,6,Kazahstan,54.38,96,1983,198,Shiraz
3.42,13.68,7,California,71.93,26,1967,196,Chardonnay
3.39,9,5,Montenegro,84.94,46,1973,197,Shiraz
3.21,9.9,6,Kazahstan,47.83,19,2012,201,Shiraz
3.6,10.2,5,Australia,106.05,14,1960,196,Chardonnay
3.42,13.68,6,California,90.13,2,1971,197,RIESLING
3.29,10.8,6,Australia,142.88,42,1970,197,Chardonnay
3.3,13.2,6,California,58.84,30,1994,199,Shiraz
3.33,9.7,5,Italy,67.71,51,2005,200,RIESLING
3.39,10,6,Italy,91.41,51,2010,201,Shiraz
3.34,10.4,5,Montenegro,57.41,66,2006,200,Shiraz
3.42,10.6,5,Argentina,106.59,31,2003,200,RIESLING
3.38,9,4,Kazahstan,16.5,52,1974,197,Merlot
3.38,13.52,6,California,188.59,23,1973,197,Shiraz
3.44,10.2,5,Italy,109.43,29,1967,196,Shiraz
3.32,10.5,5,Montenegro,189.23,7,1980,198,RIESLING
3.38,10.3,6,Kazahstan,74.43,56,1972,197,Pinot
3.42,10.6,5,Italy,102.87,69,1963,196,Chardonnay
3.53,9.25,6,Montenegro,104.88,91,1970,197,Pinot
3.13,9.4,5,Montenegro,24.95,16,1969,196,Pinot
3.53,9.23,6,Italy,174.96,36,2002,200,Shiraz
3.33,10.5,6,France,0,0,2010,201,Pinot
3.53,10.4,6,France,170,85,1964,196,RIESLING
3.44,9.8,5,Kazahstan,45.45,34,1961,196,Chardonnay
3.47,9.7,6,France,90,45,1975,197,RIESLING
3.28,13.12,5,California,46.41,32,1995,199,Pinot
3.38,10.6,6,Australia,60.4,32,2002,200,Pinot
3.36,13.44,6,California,164.36,48,1969,196,Merlot
3.51,10.8,6,France,74,96,1985,198,Shiraz
3.55,9.95,3,Montenegro,184.28,53,1980,198,Shiraz
3.36,11.4,6,Australia,104.73,78,2002,200,Shiraz
3.51,11,6,Argentina,77.43,93,1987,198,RIESLING
3.31,9.8,5,Italy,154.89,92,2014,201,Pinot
3.16,9.4,5,Kazahstan,52.77,54,1992,199,Shiraz
3.26,9.6,5,Argentina,111.93,25,1966,196,Pinot
3.45,11.5,6,France,88,44,1973,197,Chardonnay
3.53,10.8,6,Montenegro,174.13,13,1994,199,Shiraz
3.3,9,6,France,24,12,1996,199,RIESLING
3.45,13.8,6,California,197.29,6,2005,200,Chardonnay
3.26,9.7,5,Italy,44.58,63,1978,197,RIESLING
3.35,10.6,6,Montenegro,165.58,3,1981,198,RIESLING
3.39,10,7,Australia,204.87,55,2007,200,Pinot
3.26,9.7,5,Australia,129.19,49,1960,196,Merlot
3.72,11.4,5,Argentina,140.76,55,1980,198,RIESLING
3.39,12.4,6,Italy,101.19,91,1987,198,Pinot
3.44,10.8,6,France,186,77,1989,198,RIESLING
3.72,11.4,5,Australia,140.15,43,1993,199,Chardonnay
3.52,10.6,5,Argentina,139.52,86,1995,199,Shiraz
3.38,10.3,5,Montenegro,153.86,97,2014,201,Merlot
3.37,9.7,5,Montenegro,63.89,28,2004,200,Pinot
3.5,9.8,4,France,112,56,2003,200,Shiraz
3.35,10.7,5,France,106,53,2011,201,Merlot
3.26,9.3,4,Argentina,99.54,14,1975,197,Shiraz
3.39,10.6,5,Australia,75.37,20,1978,197,Shiraz
3.9,13.1,4,Kazahstan,19.2,47,1998,199,Chardonnay
3.39,10.6,5,Argentina,195.71,47,1970,197,RIESLING
3.4,10.2,3,Argentina,106.93,16,2006,200,Chardonnay
3.23,9.7,7,Australia,188.46,38,1965,196,Pinot
3.16,8.8,5,Montenegro,108.89,58,2006,200,Chardonnay
3.2,10.8,7,Australia,286.13,10,1995,199,Chardonnay
3.49,9.2,5,Australia,110.41,33,1968,196,Pinot
3.16,8.8,5,Italy,146.63,87,1999,199,Shiraz
3.38,11,5,Argentina,74.55,96,1968,196,RIESLING
3.38,11.1,6,Montenegro,187.57,61,1994,199,RIESLING
2.88,9.7,5,Italy,82.49,26,1965,196,Chardonnay
3.31,13.24,3,California,178.43,78,1988,198,RIESLING
3.37,11.5,7,Italy,266.58,73,1989,198,Shiraz
3.31,9.2,4,Montenegro,94.24,90,2002,200,Pinot
3.3,10,7,Montenegro,162.87,65,1979,197,RIESLING
3.41,9.7,5,Australia,109.11,18,1978,197,RIESLING
3.63,13,5,Argentina,45.45,4,2009,200,Pinot
3.41,9.7,5,Italy,128.78,34,2003,200,RIESLING
3.34,10.8,6,Argentina,152.86,60,1977,197,Shiraz
3.16,9.1,4,Kazahstan,11.23,12,1992,199,Chardonnay
3.41,10.4,6,Italy,147.85,14,1960,196,Shiraz
3.31,10.5,7,Australia,194.13,96,2002,200,Shiraz
3.39,10.5,5,Australia,67.14,30,1976,197,Pinot
3.41,9,5,Kazahstan,54.55,30,1966,196,Pinot
3.3,10.55,6,Argentina,88.85,13,1964,196,Merlot
3.5,10.9,6,Kazahstan,60.73,89,2001,200,RIESLING
3.21,10.9,6,France,62,31,1995,199,Shiraz
3.41,13.64,5,California,121.15,44,1998,199,RIESLING
3.35,11.6,7,Montenegro,130.77,55,1971,197,Chardonnay
3.33,11,7,Argentina,78.33,38,2004,200,RIESLING
3.24,11.7,7,Italy,280.38,76,1982,198,Chardonnay
3.4,9.7,5,Montenegro,181.86,15,2009,200,Pinot
3.42,10.2,6,France,154,77,1969,196,Pinot
3.53,10.5,6,Montenegro,155.55,83,1960,196,Chardonnay
3.4,9.7,5,Montenegro,117.18,90,1988,198,RIESLING
3.4,9.8,5,Australia,132.81,47,1993,199,Pinot
3.16,9.6,6,Kazahstan,55.28,43,2000,200,Pinot
3.32,11.1,6,Italy,156.97,26,1960,196,Pinot
3.38,11.7,5,Argentina,105.87,23,2014,201,Merlot
3.42,10.5,5,Australia,120.25,17,1968,196,Merlot
3.4,9.8,5,Kazahstan,59.07,77,1998,199,Merlot
3.16,12.64,6,California,67.82,25,1967,196,Shiraz
3.23,11.3,7,France,126,63,2003,200,Pinot
3.32,11.07,6,Australia,84.05,32,2004,200,Shiraz
3.41,13.64,5,California,109.93,67,2010,201,Chardonnay
3.53,11.1,5,Australia,183.36,96,1973,197,Chardonnay
3.15,8.5,5,France,154,65,1984,198,Pinot
3.18,9,6,Australia,76.46,36,1974,197,Shiraz
3.18,9,6,Montenegro,70.92,34,1996,199,Shiraz
3.42,10.1,7,Kazahstan,70.06,20,1969,196,Merlot
3.48,11.7,6,Italy,105.64,79,1994,199,RIESLING
3.26,9.9,6,France,172,86,1964,196,RIESLING
3.33,11.3,5,Kazahstan,64.06,33,2014,201,Chardonnay
3.31,11,5,France,34,17,2000,200,Chardonnay
3.3,11.2,5,France,76,38,2009,200,Chardonnay
3.41,12.1,6,Australia,125.84,14,1967,196,Chardonnay
3.26,9.6,6,Australia,187.53,74,1986,198,Chardonnay
3.75,10.5,4,Montenegro,11.27,11,2006,200,Chardonnay
3.34,9.4,5,Kazahstan,55.34,14,1996,199,Shiraz
3.35,9.5,5,France,172,86,1979,197,Pinot
3.27,9.9,5,Australia,111.88,50,1997,199,Pinot
3.16,9.8,5,Kazahstan,56.03,55,1980,198,Merlot
3.35,13.4,7,California,99.25,62,1967,196,Shiraz
3.2,9.6,5,Argentina,146.17,71,1973,197,Merlot
3.56,9.4,5,Kazahstan,72.75,40,1997,199,RIESLING
3.2,12.8,5,California,110.85,82,2000,200,Chardonnay
3.44,9.3,5,Argentina,165.04,52,1963,196,Pinot
3.04,10.1,5,Kazahstan,69.89,37,1981,198,Merlot
3.22,12.88,6,California,121.54,94,1967,196,Shiraz
3.56,10.6,6,France,148,74,1981,198,Chardonnay
3.5,11.9,6,Australia,156.41,11,1999,199,RIESLING
3.54,10.7,6,Argentina,114.33,98,1998,199,Merlot
3.01,11.8,7,Italy,240.59,32,1992,199,Merlot
3.54,10.7,6,Australia,186.21,47,1964,196,Shiraz
3.28,11.8,7,Italy,244.04,55,2008,200,Chardonnay
3.43,13.72,6,California,176.42,48,1979,197,Chardonnay
3.23,10,8,Kazahstan,48.95,1,1995,199,RIESLING
3.44,11.9,6,Montenegro,106.07,9,2006,200,RIESLING
3.25,9.9,5,Montenegro,127.41,1,1992,199,Merlot
3.25,9.9,5,France,50,25,1966,196,Pinot
3.42,11.1,6,Italy,171.87,92,1965,196,Merlot
3.28,9.9,5,Australia,149.4,32,1976,197,Chardonnay
3.57,13,7,Argentina,208.35,44,2005,200,Pinot
3.31,9.55,5,Argentina,136.73,81,2008,200,Pinot
3.31,9.55,6,Kazahstan,66.08,51,2011,201,RIESLING
3.32,9.2,5,Italy,173.82,42,1967,196,Chardonnay
3.36,9.5,5,Montenegro,60.71,95,1969,196,Merlot
3.3,10.2,5,France,46,23,1966,196,RIESLING
3.17,9.8,5,Australia,96.55,64,1996,199,Merlot
3.58,12.5,6,Montenegro,88.08,43,1991,199,RIESLING
3.1,9.7,5,Kazahstan,51.28,23,1997,199,Merlot
3.35,10.3,5,Australia,106.71,50,1979,197,RIESLING
3.22,9.4,5,Australia,54.21,97,1985,198,Merlot
3.3,9.6,5,Montenegro,156.21,58,2010,201,Merlot
3.3,13.2,5,California,52.56,66,2014,201,Chardonnay
3.19,9.2,5,Kazahstan,68.08,8,1968,196,RIESLING
3.21,12.84,6,California,134.5,26,1996,199,RIESLING
3.19,9.5,5,Australia,103.07,61,1965,196,Chardonnay
3.3,9.9,5,Australia,104.94,44,1995,199,Chardonnay
3.3,9.9,5,France,64,32,1976,197,Chardonnay
3.38,9.6,5,France,198,99,2013,201,Merlot
3.36,10.8,6,Australia,144.79,75,1994,199,Shiraz
3.39,9.7,5,Argentina,134.3,93,1986,198,RIESLING
3.36,13.44,6,California,61.66,91,1984,198,Chardonnay
3.29,9.9,6,Argentina,53.61,39,1995,199,Shiraz
3.71,12.2,6,Kazahstan,66.58,85,1987,198,Chardonnay
3.42,13.68,5,California,103.04,89,2010,201,RIESLING
3.28,10,6,Australia,22.22,87,1985,198,Merlot
3.11,12.44,5,California,141.88,58,1962,196,RIESLING
3.32,9.8,3,Australia,109.61,56,1996,199,Chardonnay
3.24,9.3,5,Kazahstan,63.53,56,1993,199,RIESLING
3,9.2,5,Argentina,136.69,30,2010,201,Chardonnay
3.21,12.84,6,California,93.15,28,1993,199,Chardonnay
3,9.2,5,Italy,111.96,56,2003,200,RIESLING
2.74,9.4,4,Kazahstan,11.56,96,1992,199,RIESLING
3.27,9.8,6,Argentina,63.08,11,1970,197,Chardonnay
3.24,12.96,5,California,170.07,4,2003,200,Pinot
3.18,9.5,5,France,138,69,2001,200,Shiraz
3.32,9,6,Montenegro,123.37,40,1976,197,Pinot
3.46,11.8,6,Australia,115.9,96,1987,198,Merlot
3.07,10.03,6,Italy,52.38,68,1971,197,Merlot
3.36,10.1,5,Argentina,111.77,91,1988,198,Shiraz
3.37,9,6,Australia,133.82,88,2013,201,Shiraz
3.07,10.03,6,Kazahstan,66.38,82,1987,198,RIESLING
3.28,9.5,5,Australia,103.92,72,1972,197,Shiraz
3.14,10.9,6,Argentina,12.02,42,1977,197,Shiraz
3.08,9.8,6,Australia,52.9,1,2008,200,Pinot
3.6,11.1,6,Montenegro,140.04,36,1965,196,Shiraz
3.36,10.1,5,Kazahstan,56.57,18,1967,196,Merlot
3.36,10.1,5,Kazahstan,52,65,1974,197,Shiraz
3.35,10,5,Kazahstan,63.59,58,1992,199,Merlot
3.37,10.3,5,Argentina,123.86,81,2005,200,Shiraz
3.37,10.3,5,Argentina,122.86,54,1965,196,Pinot
3.32,11.8,6,Kazahstan,60.47,17,1981,198,Merlot
3.34,10,5,Australia,141.77,71,1982,198,RIESLING
3.34,9.5,5,Argentina,111.93,82,2009,200,Shiraz
3.34,9.5,5,France,36,69,1989,198,RIESLING
3.52,11.4,5,Australia,151.2,44,1995,199,Pinot
3.09,11,5,Kazahstan,50.35,83,1986,198,Merlot
3.36,13.44,6,California,123.61,64,1963,196,Pinot
3.37,10.4,6,Montenegro,54.57,94,1987,198,Chardonnay
3.36,10.5,6,Kazahstan,59.56,25,2014,201,RIESLING
3.36,9.5,5,Montenegro,63.39,89,1987,198,Chardonnay
3.36,9.5,5,Australia,118.17,45,1968,196,Chardonnay
3.38,12.6,6,France,72,36,1976,197,Merlot
3.17,9.2,4,Montenegro,54.31,17,1978,197,RIESLING
3.39,10,5,Montenegro,150.83,84,1981,198,Shiraz
3.18,9.6,5,Italy,173.02,89,1979,197,Pinot
3.09,9.7,6,Australia,177.63,60,2011,201,Pinot
3.26,9.2,5,France,38,19,1973,197,RIESLING
3.37,9,4,Italy,73.84,79,1975,197,Pinot
3.35,12.8,8,France,20,10,2013,201,RIESLING
3.29,9.8,6,Italy,118.17,34,2010,201,Chardonnay
3.34,9.3,5,France,8,4,1977,197,Pinot
3.39,10.6,6,Kazahstan,55.75,51,1971,197,Chardonnay
3.39,10.6,6,Kazahstan,50.64,10,2002,200,Pinot
3.39,10.6,6,Kazahstan,62.63,85,1988,198,RIESLING
3.39,10.6,6,Kazahstan,66.49,42,1999,199,Merlot
3.18,12.72,7,California,49.03,44,2000,200,Merlot
3.18,11.4,5,Kazahstan,47.32,29,1971,197,Merlot
4.01,16.04,6,California,78.61,89,1982,198,Chardonnay
3.26,10.1,5,Kazahstan,41.46,47,1994,199,Shiraz
2.9,9.1,6,Kazahstan,44.88,72,1997,199,RIESLING
3.26,9.8,6,Australia,191.69,67,1962,196,Chardonnay
3.18,11.9,6,France,26,13,1975,197,Merlot
4.01,12.5,6,France,34,17,1974,197,Shiraz
3.26,13.04,6,California,97.67,74,2002,200,Merlot
3.38,13.52,7,California,53.66,86,2011,201,Pinot
3.4,10.1,6,Kazahstan,71.88,71,1988,198,Chardonnay
3.4,10.1,6,Italy,146.39,37,1965,196,Chardonnay
3.34,10.5,5,Montenegro,46.2,87,1961,196,Chardonnay
3.33,12.8,6,Italy,138.66,36,1964,196,RIESLING
3.3,13.2,5,California,95.1,27,1962,196,Pinot
3.28,13.12,5,California,169.89,98,1987,198,RIESLING
3.29,13.16,5,California,60.45,70,1968,196,Chardonnay
3.36,9.1,4,Montenegro,119.64,100,1997,199,Shiraz
3.29,10.1,5,Australia,150.45,65,1996,199,Merlot
3.3,9.8,5,Kazahstan,75.46,71,1980,198,Pinot
3.05,12.2,6,California,111.41,37,2004,200,Chardonnay
3.12,9.2,5,Australia,87.17,47,1966,196,Pinot
3.3,11.2,6,Montenegro,75.36,82,1980,198,Chardonnay
3.6,11.7,6,Argentina,191.42,98,2003,200,Shiraz
3.78,12.5,6,Italy,189.88,64,1973,197,RIESLING
3.5,10.9,3,Italy,85.52,11,1990,199,Shiraz
3.45,13.8,6,California,151.87,80,1968,196,Shiraz
3.35,13.4,6,California,113.33,0,1971,197,Pinot
3.2,9.5,5,France,94,47,2001,200,Chardonnay
3.2,9.5,5,Montenegro,187.17,53,2005,200,RIESLING
3.29,10.9,6,Kazahstan,55.96,14,1980,198,Shiraz
3.62,12.4,6,Argentina,149.33,99,1989,198,Pinot
3.29,13.16,6,California,162.88,74,1987,198,Pinot
3.36,11,5,France,58,29,1971,197,Merlot
3.3,10.2,5,Montenegro,71.08,68,2010,201,Chardonnay
3.22,13,5,Australia,59.22,68,1972,197,Merlot
3.35,12.4,6,Montenegro,69.15,44,2011,201,Pinot
3.15,10.5,5,Australia,106.87,32,1992,199,Chardonnay
3.39,10.9,5,Italy,141.09,72,2000,200,Pinot
3.26,10.2,6,Kazahstan,68.58,99,1972,197,Merlot
3.33,10.9,6,France,190,95,2002,200,RIESLING
3.37,10.4,6,France,70,35,1994,199,RIESLING
3.37,10.4,6,Argentina,148.97,54,2010,201,Merlot
3.14,11.5,7,Montenegro,163.18,18,2006,200,Pinot
3.24,9.5,6,France,42,21,1981,198,Chardonnay
3.35,13.4,6,California,192.02,27,2000,200,Shiraz
3.51,11.4,4,Montenegro,15.49,8,2014,201,Merlot
3.24,9.5,6,France,192,65,1983,198,Merlot
3.24,11.2,6,Italy,114.17,54,1965,196,Shiraz
3.1,9.3,5,Montenegro,158.04,78,1993,199,Merlot
3.5,11.2,5,France,112,56,1994,199,Chardonnay
3.7,14,6,Australia,145.45,18,1979,197,Pinot
3.52,12.3,7,Italy,333.94,69,2004,200,Shiraz
3.5,14,8,Australia,158.8,77,1981,198,Pinot
3.47,9.5,6,France,40,20,1994,199,Merlot
3.1,11.4,6,Italy,144.24,74,1985,198,Pinot
3.38,13.52,6,California,142.25,99,1995,199,Merlot
3.31,10.4,4,France,198,99,1969,196,Shiraz
3.15,12.6,5,California,68.64,97,1985,198,Merlot
3.29,9.8,4,Argentina,79.65,65,1972,197,RIESLING
3.02,12.08,5,California,180.84,88,1984,198,Chardonnay
3.44,11.3,6,Montenegro,87.51,87,2009,200,Pinot
3.44,11.3,6,Kazahstan,65.84,65,2012,201,Chardonnay
3.32,11,6,Argentina,150.41,76,1985,198,Chardonnay
3.47,11,5,France,88,44,1980,198,Shiraz
3.4,13.6,5,California,51.4,69,1968,196,Pinot
3.12,9.2,6,Kazahstan,15.08,98,2012,201,Merlot
3.43,9.5,5,Montenegro,181.67,32,1967,196,Chardonnay
3.28,9.8,5,Australia,135.55,84,1984,198,Shiraz
3.4,13.6,6,California,165.09,78,1983,198,Chardonnay
3.4,10.9,6,Argentina,72.48,62,2010,201,Chardonnay
3.41,11.1,6,Argentina,58.05,67,1986,198,Chardonnay
3.49,10.5,5,France,74,37,1974,197,RIESLING
3.12,10,5,Montenegro,190.96,46,1974,197,Shiraz
3.49,10.5,5,France,98,49,2003,200,RIESLING
3.33,10.3,6,Australia,57.24,77,2004,200,RIESLING
3.37,9.5,5,Kazahstan,42.55,52,1996,199,Chardonnay
3.22,12.2,6,Italy,138.14,83,1982,198,Chardonnay
3.1,9.3,5,Australia,100.31,42,1973,197,Chardonnay
3.18,13,5,Argentina,64.94,30,1970,197,Shiraz
3.34,9.7,4,Argentina,44.61,38,1990,199,Shiraz
3.05,12.2,4,California,78.48,55,1996,199,Shiraz
3.39,12.8,6,Montenegro,106.45,4,1978,197,Pinot
3.26,9.4,6,France,98,49,1961,196,Shiraz
3.62,11.5,4,Montenegro,105.42,2,1979,197,Shiraz
3.17,9.8,6,France,196,98,2004,200,Merlot
3.39,12.8,6,Montenegro,105.44,79,1988,198,RIESLING
3.3,9.6,4,Montenegro,19.23,11,2012,201,Shiraz
3.4,9.5,5,Kazahstan,61.44,67,1992,199,Shiraz
3.38,10.8,5,Kazahstan,65.29,65,2008,200,Chardonnay
3.4,13.6,5,California,71.29,27,2001,200,Shiraz
3.26,11.8,6,Argentina,35.43,33,1979,197,Pinot
3.68,13.6,7,Argentina,89.36,4,1990,199,Chardonnay
3.16,9,5,Australia,84.46,80,1969,196,RIESLING
3.27,9.6,5,Argentina,148.88,98,1982,198,Shiraz
3.02,12.08,5,California,197.1,15,1979,197,Chardonnay
3.15,9.4,5,Montenegro,131.69,87,2012,201,Chardonnay
3.07,10.3,6,Italy,105.19,31,1974,197,Chardonnay
3.23,12,6,Montenegro,183.81,5,1978,197,Merlot
3.26,9.6,6,Montenegro,199.28,100,1988,198,RIESLING
3.28,11.5,6,Argentina,101.51,94,1990,199,Merlot
3.28,11.5,6,Montenegro,112.48,26,1973,197,RIESLING
3.2,10.9,6,Montenegro,79.84,87,2005,200,Chardonnay
3.24,10.6,6,Montenegro,73.62,99,1984,198,RIESLING
3.23,12,6,Argentina,156.22,2,2009,200,RIESLING
3.29,9.5,6,Montenegro,164.21,92,2014,201,Merlot
3.26,11.3,6,Australia,146.31,93,1983,198,Pinot
3.1,10.4,6,Italy,121.17,73,1990,199,Chardonnay
3.15,12.6,6,California,79.3,5,1980,198,Pinot
3.21,9.4,6,Argentina,191.85,27,2004,200,Merlot
3.35,10.4,6,Argentina,95.11,18,1963,196,Merlot
3.32,9.3,5,Kazahstan,67.61,97,1971,197,Merlot
3.35,10.4,6,Argentina,158.58,88,1960,196,Chardonnay
3.31,13.24,6,California,19.89,90,1984,198,Pinot
3.45,13.8,7,California,141.19,46,1978,197,Merlot
3.4,13.6,7,California,186.54,70,1986,198,Shiraz
3.35,10,5,Australia,180.2,19,2011,201,Shiraz
3.07,9.2,7,Australia,290.7,50,1971,197,Merlot
3.4,13.6,7,California,134.62,84,1990,199,Chardonnay
3.34,10.6,7,Australia,230.08,77,1980,198,Chardonnay
3.14,9.4,5,Italy,122.48,86,1973,197,Pinot
3.35,11.7,8,Kazahstan,72.27,47,2012,201,RIESLING
3.27,11.2,7,Montenegro,186.7,35,1995,199,Pinot
3.16,12.64,6,California,129.5,85,1987,198,Shiraz
3.21,12.84,6,California,110.43,88,1996,199,Pinot
3.15,10.9,6,Italy,172.39,42,2001,200,RIESLING
3.47,13.88,5,California,54.6,93,1972,197,Shiraz
3.16,9.8,6,Italy,120.39,63,2009,200,RIESLING
3.1,12.4,6,California,39,8,1978,197,Chardonnay
3.15,10.5,6,Montenegro,175.89,17,2012,201,Shiraz
3.21,9.5,6,Kazahstan,64.38,46,2012,201,Pinot
3.52,9.5,6,Italy,137.61,26,1991,199,RIESLING
3.22,9.5,6,Italy,107.2,32,2004,200,Pinot
3.56,10.8,5,Kazahstan,54.66,77,1985,198,Pinot
3.52,12.4,7,Montenegro,72.99,66,2006,200,RIESLING
3.56,10.8,5,Italy,110.11,98,2010,201,Chardonnay
3.28,13.12,6,California,99.91,65,1991,199,RIESLING
3.34,10,4,Argentina,6.2,34,1978,197,Pinot
3.36,10.9,5,France,26,13,1975,197,Chardonnay
3.33,11.9,6,Italy,100.7,61,2004,200,Pinot
3.52,12.2,5,Australia,87.49,87,1997,199,RIESLING
3.33,11.9,6,Montenegro,51.42,75,1974,197,Shiraz
3.36,10.9,5,France,172,99,1986,198,Pinot
3.29,13.16,5,California,100.73,90,1973,197,RIESLING
3.27,11,6,Montenegro,141.58,75,1989,198,Pinot
3.27,11,6,Italy,55.33,96,1986,198,Pinot
3.68,11.4,5,Kazahstan,47.34,67,1994,199,Merlot
3.52,12.3,7,France,144,70,1985,198,Pinot
3.35,12.7,7,Argentina,92.63,39,2010,201,Pinot
3.26,10,4,Italy,68.43,9,1967,196,Shiraz
3.61,11.5,6,Australia,50.06,98,1985,198,RIESLING
3.46,9.5,6,Argentina,97.82,46,1992,199,RIESLING
3.46,13.84,6,California,55.22,84,1963,196,RIESLING
3.26,10.6,6,Argentina,15.42,88,1988,198,Chardonnay
3.27,12.3,6,Argentina,150.33,50,2000,200,RIESLING
3.42,10.8,6,Argentina,68.95,31,1965,196,Merlot
3.2,12.8,6,California,141.22,87,1973,197,Pinot
3.32,13.28,6,California,126.15,98,1969,196,RIESLING
3.21,12.84,6,California,116.27,75,1987,198,Merlot
3.32,12.4,7,Kazahstan,72.76,77,1967,196,Pinot
2.94,10.2,5,Italy,56.07,2,2007,200,Chardonnay
3.01,9.4,5,France,100,50,1990,199,Pinot
3.29,10,5,France,96,48,1977,197,RIESLING
3.29,10,5,Montenegro,90.58,57,1990,199,Pinot
3.58,12.3,7,Australia,201.8,98,2000,200,RIESLING
3.21,10.2,6,France,60,30,1965,196,Pinot
3.15,10.4,7,Australia,177.24,19,1965,196,Chardonnay
3.06,11.3,6,Montenegro,28.19,70,1983,198,RIESLING
3.07,10,7,Australia,284.79,63,2004,200,Merlot
3.16,10.8,5,France,158,79,1981,198,Shiraz
3.42,13.68,6,California,109.23,87,1961,196,Chardonnay
3.2,12,7,Australia,282.16,58,2014,201,Pinot
3.32,13.4,7,Italy,234.11,68,1988,198,Merlot
3.15,9.8,5,Argentina,189.09,65,1963,196,Shiraz
3.2,12.8,6,California,61.11,40,1995,199,Merlot
3.59,11.4,6,France,30,90,1988,198,Pinot
3.23,11.1,6,Argentina,64.99,1,1992,199,Shiraz
3.15,9.8,5,Australia,104.75,6,1992,199,Merlot
3.46,12.5,6,Australia,107.45,47,1992,199,Pinot
3.3,12.8,7,Montenegro,126,94,2014,201,Pinot
3.39,13.56,6,California,114.73,18,1978,197,Chardonnay
3.26,11.2,7,Australia,167.34,31,1960,196,Shiraz
3.53,10.4,6,Montenegro,67.54,90,1982,198,Chardonnay
3.28,13.12,5,California,49.43,82,2009,200,Pinot
3.43,10.1,5,France,20,83,1985,198,Pinot
3.3,11.4,6,France,36,18,1963,196,Merlot
3.27,11,6,Italy,109.44,96,1969,196,Merlot
3.34,13.36,6,California,122.68,15,1972,197,Pinot
3.14,9.1,5,Kazahstan,62.33,7,2000,200,Chardonnay
3.22,11.4,6,Kazahstan,49.05,85,1981,198,Shiraz
3.38,11.9,6,Kazahstan,65.23,74,1989,198,RIESLING
3.14,11.3,7,Australia,270,43,1996,199,Merlot
3.37,11.2,7,Montenegro,177.48,99,1993,199,Pinot
3.32,13.28,6,California,159.49,7,1976,197,Merlot
3.38,13.6,7,Kazahstan,76.7,96,1988,198,Shiraz
3.32,13.28,5,California,110.53,60,2004,200,Chardonnay
3.18,10.4,6,Argentina,120.95,50,1972,197,Pinot
3.21,10.5,6,Australia,132.38,96,2003,200,Merlot
3.22,10,5,France,130,84,1987,198,Shiraz
3.51,14.04,6,California,175.02,12,1978,197,Chardonnay
3.39,13.5,6,Italy,80.71,11,2008,200,Chardonnay
3.12,11.2,6,Argentina,158.24,65,2008,200,Pinot
3.45,12.3,6,Argentina,170.42,34,2003,200,Merlot
3.44,12.3,6,Australia,99.12,24,2001,200,RIESLING
3.14,10.2,5,Argentina,19.61,28,1979,197,RIESLING
3.2,13.1,8,Montenegro,112.41,91,1985,198,Shiraz
3.52,12.9,5,Australia,148.1,32,1967,196,Chardonnay
3.15,11.7,8,Montenegro,121.47,55,1967,196,RIESLING
3.04,9.4,5,Montenegro,192.63,56,2014,201,Merlot
3.3,13.3,6,France,26,13,1995,199,Pinot
3.38,11.3,6,Australia,152.27,12,2008,200,Shiraz
3.38,13.52,6,California,173.87,16,2010,201,Shiraz
3.17,10,5,Kazahstan,34.48,75,2002,200,Shiraz
3.38,13.52,6,California,85.9,18,1992,199,Chardonnay
3.49,13.6,6,Montenegro,62.89,58,2004,200,Chardonnay
3.12,9.5,6,Kazahstan,43.83,71,2013,201,Pinot
3.29,11,6,Australia,147.3,57,2000,200,Merlot
3.78,15.12,7,California,108.14,81,1984,198,Chardonnay
3.25,10,6,Montenegro,154.27,41,1991,199,RIESLING
3.17,12.68,6,California,129.29,71,1989,198,RIESLING
3.27,11.7,7,Montenegro,148.65,64,1967,196,Chardonnay
3.21,12.3,6,Montenegro,197.4,88,1983,198,Pinot
3.43,13.72,6,California,53.43,44,1963,196,RIESLING
3.41,13.64,5,California,112.33,86,1983,198,Shiraz
3.15,11,8,France,196,98,1990,199,Chardonnay
3.28,12.4,6,Montenegro,172.83,97,1988,198,Merlot
3.35,12,6,Italy,194.6,99,2013,201,RIESLING
3.35,12,6,Australia,109.96,28,1992,199,RIESLING
3.11,12.4,6,Montenegro,110.53,79,2011,201,Shiraz
3.2,9.4,5,France,186,93,2014,201,Chardonnay
3.15,12.5,7,Argentina,134.34,49,1974,197,Chardonnay
3.16,12.5,7,Montenegro,101.6,71,1996,199,Chardonnay
3.2,9.4,5,Australia,112.29,66,1984,198,Pinot
3.35,10.8,6,France,134,67,1972,197,RIESLING
3.15,10.5,5,Argentina,188.35,29,1991,199,Merlot
3.35,13.4,6,California,123.87,71,1994,199,Merlot
3.33,12,7,Argentina,162.45,60,1971,197,RIESLING
3.43,11.5,6,Australia,170.85,5,1976,197,Shiraz
3.35,11.4,6,France,0,0,1974,197,Shiraz
2.98,11.8,8,Argentina,116.98,58,1997,199,Merlot
3.02,9.9,7,Montenegro,125.88,35,2013,201,Chardonnay
3.29,11.2,6,Argentina,152.94,79,2008,200,Chardonnay
3.17,12,7,Australia,254.14,29,1971,197,RIESLING
3.12,9.6,5,Argentina,154.74,48,2005,200,RIESLING
3.42,9.5,6,France,80,40,2014,201,Merlot
3.33,13.32,6,California,78.73,13,1978,197,Chardonnay
3.42,9.5,6,France,122,61,1992,199,RIESLING
3.33,11.2,7,Australia,217.19,73,1995,199,Pinot
3.16,11.8,6,Kazahstan,63.62,16,1980,198,Chardonnay
3.01,12.3,7,France,70,74,1984,198,RIESLING
3.23,9.5,5,Montenegro,134.12,95,1961,196,RIESLING
3.27,11,5,Italy,159.05,41,1998,199,Shiraz
3.27,11,5,Kazahstan,64.35,42,2005,200,Pinot
3.44,10.2,7,France,48,24,1967,196,RIESLING
3.2,9.2,5,France,88,44,1964,196,Pinot
3.09,9.4,5,France,162,81,1981,198,Merlot
3.31,10.7,6,Montenegro,130.63,29,1995,199,Chardonnay
3.4,9.5,6,France,162,81,2010,201,Merlot
3.2,9.2,5,Argentina,119.04,9,2006,200,RIESLING
3.18,12.72,7,California,101.11,87,1995,199,Shiraz
3.31,10.8,5,Kazahstan,57.17,78,1998,199,Merlot
3.21,10.8,7,Italy,370.54,27,1965,196,Chardonnay
3.29,10.2,6,Australia,50.46,85,1988,198,RIESLING
3.28,11.8,6,France,160,80,1997,199,Shiraz
3.22,11.8,6,Kazahstan,63.36,80,1966,196,Merlot
3.3,11.4,6,Kazahstan,56.02,29,1973,197,Merlot
3.21,12.5,8,France,82,41,1974,197,Pinot
3.14,9.9,6,Kazahstan,72.25,96,1986,198,Merlot
3.21,12.1,7,France,152,76,1990,199,Shiraz
3.19,11.6,7,France,28,14,2006,200,Shiraz
2.86,8.4,6,France,56,28,2009,200,Merlot
3.15,9.1,5,Kazahstan,50.86,68,1985,198,Pinot
3.21,12.1,7,France,150,75,1967,196,Merlot
3.13,9.1,6,Italy,45.52,48,1993,199,Shiraz
3.13,9.1,6,Argentina,125.16,14,1993,199,Merlot
3.38,12.7,7,Argentina,133.57,56,1971,197,RIESLING
3.33,9.5,6,Argentina,31.77,36,2005,200,Shiraz
3.56,12.9,5,Argentina,103.44,12,1969,196,Merlot
3.03,9.2,5,Argentina,147.38,33,1978,197,Pinot
3.49,10.4,5,Australia,158.19,86,1975,197,Shiraz
3.27,10.8,6,Italy,134.13,59,1964,196,Shiraz
3.49,10.4,5,Italy,113.7,57,2000,200,RIESLING
3.31,13.24,6,California,164.38,19,1967,196,Merlot
3.32,13.28,6,California,67.28,74,1980,198,Pinot
3.36,12.2,6,Argentina,107.81,74,2011,201,Pinot
3.29,10.9,7,Argentina,65.64,51,2004,200,Chardonnay
3.33,11.1,6,Kazahstan,58.22,40,1998,199,RIESLING
3.38,9.8,6,Australia,70.91,59,2003,200,RIESLING
3.58,10.2,5,Australia,125.59,35,1977,197,Chardonnay
3.33,11.1,6,Australia,161.81,89,1979,197,RIESLING
3.24,12.6,7,Montenegro,198.39,23,2014,201,RIESLING
3.35,9.2,5,Argentina,122.45,97,2001,200,Pinot
3.22,12.5,7,Argentina,72.64,23,1970,197,Chardonnay
3.17,10.6,7,Kazahstan,54.46,99,1997,199,Shiraz
3.2,9.7,6,Kazahstan,66.57,93,1998,199,Merlot
3.3,10.4,6,Kazahstan,66.07,54,1970,197,Merlot
3.36,9.6,5,Argentina,75.72,99,1988,198,RIESLING
3.35,11,7,Montenegro,69.34,24,1991,199,Pinot
3.24,12.1,7,Australia,280.59,66,1980,198,Merlot
3.37,10.1,6,Montenegro,160.82,58,1999,199,Merlot
3.49,11.6,5,Kazahstan,48.26,87,1969,196,Pinot
3.41,13.64,6,California,111.62,30,2012,201,RIESLING
3.33,10.4,6,Italy,87.82,33,1968,196,Pinot
3.32,10.5,7,Montenegro,96.83,70,1988,198,RIESLING
3.27,12.3,6,Australia,110.18,80,1980,198,Merlot
3.35,10.5,5,Montenegro,130.44,28,1962,196,Pinot
3.2,11.9,6,Argentina,69.97,68,2008,200,Pinot
3.19,9.6,5,Kazahstan,50.79,79,1992,199,Pinot
3.2,11.9,6,Italy,100.37,75,1965,196,Pinot
3.53,10.4,5,Montenegro,89.05,90,1986,198,Pinot
2.89,12.7,6,Italy,159.73,47,2003,200,Shiraz
2.89,12.7,6,France,88,84,1983,198,RIESLING
3.27,12.6,7,Kazahstan,69.77,42,1972,197,Shiraz
3.06,11.4,6,Italy,188.92,30,1974,197,Pinot
3.22,11.2,6,Australia,104.97,79,2000,200,RIESLING
3.38,10,6,France,104,52,1965,196,Merlot
3.23,12.92,5,California,176.58,52,1962,196,Shiraz
3.18,10.9,5,Argentina,195.1,28,1974,197,Chardonnay
3.09,11.8,7,Italy,334.71,2,2014,201,Chardonnay
3.58,10.8,7,Australia,226.27,76,1997,199,RIESLING
3.26,11.7,7,Argentina,75.25,86,2014,201,Merlot
3.02,9.9,7,Italy,276.95,32,2005,200,RIESLING
3.25,10.3,5,Australia,181.44,45,1965,196,Chardonnay
3.02,10.9,7,Italy,232.67,65,1986,198,Merlot
3.26,10.6,7,Montenegro,113.66,92,1966,196,Chardonnay
3.44,11.5,7,Kazahstan,62.53,65,1971,197,RIESLING
3.47,12.9,6,France,160,93,1989,198,Merlot
3.12,9.1,6,Kazahstan,46.94,73,1990,199,Shiraz
3.71,12.8,7,Argentina,117.81,57,2003,200,Chardonnay
3.25,12.3,7,Italy,207.98,37,1962,196,Pinot
3.39,10.1,6,Italy,46.66,79,1966,196,Merlot
3.15,9.4,5,Argentina,145.22,25,1972,197,Pinot
3.45,13.8,5,California,110.29,23,2003,200,RIESLING
3.36,9.4,6,France,98,93,1982,198,Shiraz
3.45,9.4,5,Italy,78.85,68,2011,201,Shiraz
3.16,9.4,5,Montenegro,139.4,85,1983,198,Merlot
3.14,10.9,6,Australia,112.15,43,1964,196,Pinot
3.16,9.4,5,Argentina,64.55,34,2010,201,Shiraz
3.44,9.4,5,Italy,80.1,41,2001,200,Merlot
3.3,12,7,Italy,351.37,91,1989,198,Shiraz
3.45,11.3,6,Kazahstan,73.87,85,2005,200,Pinot
3.13,10.4,5,France,148,74,2002,200,Chardonnay
3.32,10.5,6,Argentina,173.8,94,1987,198,Shiraz
3.34,12.9,6,Italy,178.29,30,1973,197,RIESLING
3.25,10,5,Italy,150.92,82,1984,198,Chardonnay
3.32,10.5,6,Kazahstan,61.63,70,1981,198,RIESLING
3.13,10.4,5,Montenegro,127.82,6,1991,199,Chardonnay
3.28,11.3,7,Kazahstan,60.97,59,1972,197,Merlot
3.44,9.4,5,Argentina,107.71,55,1975,197,RIESLING
3.44,9.4,5,Australia,179.36,7,2005,200,Pinot
3.3,12.1,7,Montenegro,55.3,3,1965,196,RIESLING
3.52,10.7,5,Australia,179.05,78,1961,196,Chardonnay
3.22,11.6,7,Argentina,111.93,12,1970,197,Merlot
3.33,13.32,6,California,75.28,11,1994,199,RIESLING
3.27,9.3,6,Montenegro,76.73,20,2006,200,Pinot
3.46,10.2,5,France,192,96,1969,196,Merlot
3.2,12.2,6,Australia,188.12,2,1975,197,Shiraz
3.13,9.2,5,Italy,116.34,18,1960,196,Merlot
3.13,11.9,7,Montenegro,85.6,87,1967,196,Chardonnay
3.34,11,6,Australia,196.98,13,2010,201,Pinot
3.16,11.1,6,France,36,18,2000,200,Pinot
3.27,9.7,5,Kazahstan,53.05,72,2010,201,Chardonnay
3.15,11.2,6,Italy,174.34,14,1968,196,Pinot
3.38,9.5,5,Italy,128.08,20,1993,199,RIESLING
3.35,10.2,7,Argentina,8.99,77,1997,199,Shiraz
3.27,9.3,5,Montenegro,148.15,90,1983,198,RIESLING
3.16,11.1,6,France,124,62,2011,201,RIESLING
3.22,10,7,Australia,142.52,65,2012,201,Merlot
3.29,11.1,6,Italy,150.91,95,1992,199,Pinot
3.31,11.3,6,Australia,142.91,48,1963,196,Shiraz
3.36,10.4,5,France,42,21,1962,196,Shiraz
3.44,13.76,6,California,85.95,56,1976,197,Pinot
3.2,12.1,7,Australia,268.61,62,2010,201,Merlot
3.24,10.8,7,Italy,279.1,93,1987,198,Shiraz
3.26,12.4,7,Argentina,102.39,34,2002,200,Merlot
3.41,11.9,7,France,54,27,2006,200,Shiraz
3.41,13.64,7,California,147.54,94,1988,198,Pinot
3.4,11,7,Italy,342.26,100,1994,199,RIESLING
3.29,12,7,Kazahstan,57.14,91,1973,197,Pinot
3.27,12.1,7,Argentina,97.3,9,1974,197,RIESLING
3.24,9.7,7,Kazahstan,67.58,79,1988,198,RIESLING
3.14,9.4,5,France,138,69,1981,198,RIESLING
3.47,11.3,7,Australia,171.4,65,2012,201,Pinot
3.19,12.5,7,Montenegro,164.37,3,1971,197,Chardonnay
3.36,12.4,7,Montenegro,142.57,63,1994,199,Pinot
3.61,11.4,5,Argentina,118.46,62,1977,197,Shiraz
3.15,10.6,7,Italy,324.49,27,1961,196,RIESLING
3.31,9,5,Argentina,69.97,67,1967,196,Shiraz
3.43,11.3,4,Italy,83.39,71,1968,196,Shiraz
3.04,10.2,6,Montenegro,130.84,86,1961,196,Merlot
3.39,11.8,6,France,166,90,1986,198,Shiraz
3.39,11.8,6,Montenegro,114.85,3,1960,196,RIESLING
3.69,10.5,5,France,68,34,1996,199,Pinot
3.48,9.8,5,Argentina,166.18,82,1981,198,Chardonnay
3.45,9.5,6,Australia,71.71,75,1969,196,Merlot
3.48,9.8,5,Italy,92.42,39,1975,197,Merlot
3.69,10.5,5,Montenegro,159.94,75,1984,198,Pinot
3.18,11.2,5,Australia,185.41,69,1974,197,RIESLING
3.32,11,4,Montenegro,66.44,86,1989,198,Shiraz
3.47,10.2,6,Italy,158.95,97,1962,196,Chardonnay
3.47,11,7,France,158,79,1962,196,Pinot
3.18,11.2,5,Kazahstan,67.36,11,1980,198,Merlot
3.38,10.1,6,France,76,38,1967,196,RIESLING
3.4,13.6,5,California,41.53,99,1989,198,Pinot
3.38,13.52,6,California,155.24,44,1970,197,Merlot
3.24,10.5,5,Italy,110.53,45,2006,200,Chardonnay
3.38,11.8,6,Kazahstan,48.9,42,2012,201,Pinot
3.3,11,6,Argentina,114.91,80,1981,198,Chardonnay
3.33,13.32,5,California,165.68,96,1993,199,Shiraz
3.38,10.1,6,Australia,92.06,97,1976,197,Pinot
3.62,11,5,Italy,145.79,6,1966,196,Pinot
3.37,11.3,5,Montenegro,119.31,94,1997,199,Chardonnay
3.44,9.1,5,Argentina,113,71,1997,199,RIESLING
3.27,11.9,6,Argentina,109.81,1,1967,196,Merlot
3.29,11.5,6,Australia,180.95,31,2004,200,Merlot
3.27,12.2,7,Argentina,73.96,7,1966,196,Chardonnay
3.33,12.2,6,France,192,96,1963,196,Merlot
3.18,10.9,6,Australia,114.22,58,2012,201,Shiraz
3.23,12.92,6,California,77.82,11,1990,199,RIESLING
3.29,11.5,6,Australia,70.03,93,1986,198,RIESLING
3.43,10.8,6,Argentina,170.65,7,1991,199,Chardonnay
3.59,11.5,6,France,130,65,1970,197,RIESLING
3.39,11,5,Kazahstan,51.46,68,1982,198,Pinot
3.23,9.5,5,France,10,5,1975,197,Shiraz
3.41,10.8,7,Kazahstan,59.57,30,1999,199,Pinot
3.58,10.8,7,Argentina,112.39,33,1973,197,Shiraz
3.26,11.7,7,Australia,224.83,62,2012,201,Pinot
3.4,11.8,5,Italy,155.96,13,1964,196,RIESLING
3.12,11.8,7,Italy,334.65,86,2007,200,RIESLING
3.42,10.7,6,France,128,64,1997,199,Pinot
3.31,12.5,7,Italy,333.07,80,2012,201,Pinot
3.37,9.9,5,France,140,70,2003,200,Pinot
3.42,13.68,6,California,97.26,73,1983,198,Chardonnay
3.53,9.8,6,Australia,123.27,34,2014,201,RIESLING
3.53,9.7,5,Australia,121.11,10,1972,197,Merlot
3.22,9.3,6,Kazahstan,55.44,3,2013,201,RIESLING
3.44,10.1,5,Kazahstan,60.37,13,2004,200,Merlot
3.22,9.3,5,Kazahstan,71.83,62,2007,200,Chardonnay
3.43,11.2,6,Italy,136.18,12,2008,200,RIESLING
3.34,9.4,5,Australia,47.39,90,1982,198,RIESLING
3.15,12.1,7,Kazahstan,54.3,100,1982,198,Chardonnay
3.33,10.4,6,Australia,114.82,60,1964,196,Merlot
3.34,9.4,5,France,84,42,1970,197,RIESLING
3.34,10.5,5,Kazahstan,61.99,55,1967,196,RIESLING
3.22,10,6,Italy,53.4,29,2005,200,RIESLING
3.53,9.5,5,Kazahstan,56.81,71,1986,198,Chardonnay
3.22,12,6,Montenegro,146.97,58,1965,196,Chardonnay
3.48,11.4,6,Montenegro,101.15,15,1965,196,Pinot
3.15,9.9,5,Montenegro,100.84,92,1982,198,RIESLING
3.53,9.5,5,France,74,37,1978,197,Merlot
3.22,10,6,Montenegro,117.73,25,1997,199,Shiraz
3.41,11.8,6,Australia,109.42,73,1991,199,Shiraz
3.41,11,4,Montenegro,131.87,24,1969,196,Merlot
3.31,11.8,7,France,158,79,1960,196,RIESLING
3.31,12.5,7,Italy,308.84,12,1967,196,RIESLING
3.23,11.1,7,Montenegro,142.66,24,2006,200,Pinot
3.32,9.6,4,Kazahstan,12.95,41,1992,199,Pinot
3.53,10.6,5,France,166,69,1989,198,RIESLING
3.39,9.6,5,France,54,27,1961,196,Merlot
3.41,11.8,6,Australia,191.73,92,2000,200,Chardonnay
3.48,9.3,5,Italy,97.09,3,1993,199,Shiraz
3.44,13.76,6,California,116.21,44,2006,200,Pinot
3.4,13.6,6,California,104.41,68,1988,198,Merlot
3.4,13.6,6,California,187.4,29,1975,197,RIESLING
3.41,11.3,6,Kazahstan,62.81,69,1968,196,Merlot
3.51,14.04,5,California,128.46,41,1972,197,Chardonnay
3.51,9.5,5,Italy,118.68,97,1977,197,Merlot
3.51,14.04,5,California,38.6,58,1997,199,RIESLING
3.66,11.5,6,Montenegro,169.77,21,1966,196,Merlot
3.51,9.5,5,France,140,70,1964,196,RIESLING
3.4,11.2,6,Montenegro,153.7,71,1972,197,Chardonnay
3.34,12.9,7,Italy,353.6,58,1968,196,Chardonnay
3.4,11.3,7,Kazahstan,48.24,4,1968,196,Chardonnay
3.3,13.2,5,California,106.65,8,1972,197,Merlot
3.47,10.9,6,Montenegro,110.34,84,2006,200,RIESLING
3.52,9.5,6,Australia,126.66,79,1979,197,Pinot
3.51,11.7,7,France,80,40,2012,201,Shiraz
3.47,10.9,6,Italy,162.95,32,1993,199,Pinot
3.47,10.9,6,Kazahstan,55.65,45,1974,197,Chardonnay
3.22,9.7,5,Australia,58.52,94,1971,197,Chardonnay
3.28,9.5,5,Montenegro,155.96,53,1972,197,Pinot
3.28,9.5,5,Montenegro,133.52,47,1961,196,Shiraz
3.58,9.8,5,Italy,197.19,11,1969,196,Shiraz
3.59,9.8,5,France,40,20,2011,201,RIESLING
3.5,14,6,California,114.32,76,2010,201,RIESLING
3.59,14.36,5,California,66.94,49,2009,200,RIESLING
3.18,10.6,6,Montenegro,101.02,85,1987,198,Chardonnay
3.28,9.4,5,Italy,123.52,32,2001,200,Shiraz
3.23,12.92,6,California,137.62,53,1969,196,RIESLING
3.45,10.3,5,Montenegro,119.97,83,1982,198,RIESLING
3.42,11.5,7,Australia,277.84,56,1977,197,RIESLING
3.46,10,5,Argentina,139.77,55,1995,199,Shiraz
3.24,11.2,7,France,60,30,2007,200,RIESLING
3.26,11.7,7,Kazahstan,52.67,98,2014,201,Chardonnay
3.26,11.7,7,France,38,19,1999,199,Merlot
3.39,9.3,5,Kazahstan,63.4,86,2001,200,Chardonnay
3.29,9.7,4,Argentina,107.99,15,1992,199,RIESLING
3.54,11.2,4,Argentina,63.71,31,2001,200,Shiraz
3.56,11.1,6,Australia,107.71,95,1982,198,Chardonnay
3.46,12.7,8,Montenegro,126.53,5,1981,198,Shiraz
3.36,13.44,5,California,105.11,42,1970,197,Pinot
3.26,12.4,7,Italy,244.56,43,2010,201,Merlot
3.36,10.7,5,Argentina,107.56,12,2014,201,Merlot
3.24,10.3,5,Australia,111.32,84,1988,198,Chardonnay
3.61,9.8,5,Australia,52.36,11,1990,199,Pinot
3.61,9.8,5,Kazahstan,68.18,96,1979,197,RIESLING
3.71,14,7,Argentina,168.17,95,2012,201,Merlot
3.34,9.7,5,Italy,195.1,20,1977,197,RIESLING
3.28,9.6,5,France,178,89,1964,196,Shiraz
3.29,9.4,5,Australia,47.34,24,1963,196,Pinot
3.55,9.8,5,Italy,93.79,90,1989,198,Shiraz
3.28,11.9,6,Argentina,117.87,52,2012,201,Merlot
3.23,10.5,6,Australia,198.16,38,1998,199,Merlot
3.21,11.3,6,Australia,101,34,2010,201,Pinot
3.18,12.72,6,California,41.48,83,1982,198,Chardonnay
3.24,12.96,5,California,77.53,96,1989,198,Merlot
3.09,10.9,6,France,44,22,2001,200,Chardonnay
3.3,10.5,5,Italy,142.14,7,1991,199,Merlot
3.22,12.88,6,California,192.23,80,1998,199,RIESLING
3.26,9.2,5,France,70,35,2013,201,RIESLING
3.17,12.5,6,Italy,102.29,71,1997,199,Pinot
3.33,13.32,7,California,88.47,45,2007,200,Chardonnay
3.27,12.5,7,Argentina,107.67,74,2011,201,Merlot
3.33,12.8,7,Kazahstan,58.59,44,1980,198,Merlot
3.26,9.9,6,Montenegro,95.84,28,1970,197,Merlot
3.24,9.6,6,Montenegro,66.32,95,1978,197,RIESLING
3.56,14.24,7,California,142.36,81,1962,196,Shiraz
3.23,12.92,5,California,122.26,30,1978,197,Shiraz
3.25,9.4,5,Kazahstan,64.49,92,1993,199,Shiraz
3.29,10.7,6,France,132,66,1970,197,RIESLING
3.29,10.7,6,Argentina,100.32,41,1972,197,Pinot
3.31,11.2,7,Italy,277.85,28,2002,200,Shiraz
3.1,9.6,5,Kazahstan,53.34,44,1993,199,Merlot
2.99,10.2,5,Kazahstan,68.41,52,2002,200,Merlot
3.38,10.8,5,France,128,64,1966,196,Pinot
3.48,13.92,6,California,104.89,31,1971,197,Shiraz
3.23,9.6,5,Australia,89.5,45,1997,199,Pinot
3.33,13.32,6,California,181.91,67,1998,199,Merlot
3.09,9.3,5,Montenegro,192.76,44,1981,198,Pinot
3.44,11.4,4,France,96,48,1999,199,Chardonnay
3.18,10.1,6,France,128,64,1969,196,Chardonnay
3.24,10.8,5,Montenegro,176.97,91,1999,199,Pinot
3.21,9.5,5,Argentina,128.11,72,2014,201,Pinot
3.21,9.5,5,Montenegro,105.33,67,2012,201,Pinot
3.66,9.8,5,Kazahstan,52.58,66,1989,198,RIESLING
3.36,10,5,Italy,64.91,34,1971,197,Pinot
3.66,9.8,5,Australia,167.2,8,1993,199,RIESLING
3.31,9.4,6,France,52,89,1989,198,RIESLING
3.5,9.8,5,Argentina,92.28,74,1987,198,Merlot
3.36,10.5,5,Montenegro,145.85,24,1962,196,RIESLING
3.4,10.3,6,France,148,74,2013,201,Merlot
3.4,10.3,6,Montenegro,90.52,42,1981,198,Merlot
3.43,10,5,France,20,10,1999,199,Merlot
3.31,9.5,6,France,66,33,1981,198,Chardonnay
3.3,9.5,6,Montenegro,88.88,76,2001,200,Merlot
3.27,9.4,5,Australia,184.42,24,1981,198,Merlot
3.28,9.4,5,Kazahstan,69.93,17,1991,199,Chardonnay
3.56,11.1,6,Australia,52.34,74,2006,200,Chardonnay
3.38,9.9,3,France,74,37,1970,197,Chardonnay
3.55,9.7,6,Kazahstan,63.29,66,2010,201,RIESLING
3.32,13.28,5,California,190.85,94,1989,198,RIESLING
3.39,9.6,5,Kazahstan,55.82,89,1988,198,Shiraz
3.55,9.7,6,Argentina,90.99,55,1964,196,Chardonnay
3.45,9.5,5,Kazahstan,52.2,9,1964,196,Merlot
3.14,9.4,5,Kazahstan,68.69,89,1989,198,Shiraz
3.31,9.5,6,France,6,3,1979,197,Chardonnay
3.31,9.5,6,Italy,111.63,81,1976,197,Merlot
3.25,9.6,5,France,36,18,1966,196,Shiraz
3.31,10,6,Montenegro,106.49,69,1963,196,Pinot
3.25,9.6,5,Argentina,93.63,16,1963,196,Merlot
3.23,9.7,5,France,82,41,1993,199,Pinot
3.59,9.8,5,Australia,104.25,21,1972,197,Pinot
3.19,9.2,5,Montenegro,87.76,68,1978,197,Shiraz
3.25,9.8,5,France,12,6,1963,196,Merlot
3.25,13,5,California,162.42,34,2014,201,Shiraz
3.6,11.2,6,Italy,106,35,2008,200,Pinot
3.51,10.7,6,France,198,83,1982,198,Merlot
3.09,9.1,6,Argentina,162.19,2,1970,197,Pinot
3.29,9.5,5,Kazahstan,62.7,49,2008,200,Pinot
3.39,9.4,5,Montenegro,86.73,10,1966,196,RIESLING
3.29,9.5,5,Italy,88.91,22,1974,197,Pinot
3.29,9.5,5,Montenegro,172.75,59,1993,199,RIESLING
3.52,9.6,6,Argentina,101.56,93,1976,197,Shiraz
3.3,9,6,Kazahstan,59.93,98,1982,198,Shiraz
3.52,9.5,6,France,22,11,2013,201,RIESLING
3.13,12.52,5,California,142.54,11,1963,196,Merlot
3.13,10,5,Italy,127.27,80,1971,197,Pinot
3.46,13.84,5,California,143.33,93,1983,198,Pinot
3.24,10.4,5,Australia,83.22,93,1978,197,Chardonnay
3.21,9.5,5,Kazahstan,64.04,50,1981,198,Pinot
3.45,11.5,6,Montenegro,116.59,66,1977,197,RIESLING
3.35,9.3,5,Montenegro,150.73,72,1971,197,Chardonnay
3.1,12.4,5,California,49.17,45,2007,200,Shiraz
3.5,9.3,6,France,114,57,1965,196,Chardonnay
3.26,9.5,5,Kazahstan,59.34,98,1990,199,Merlot
3.26,9.5,5,France,136,68,2014,201,RIESLING
3.55,14.2,5,California,193.3,84,1969,196,Merlot
3.44,11.5,5,Italy,196.98,9,1971,197,RIESLING
3.17,9.6,5,Kazahstan,76.21,59,1964,196,RIESLING
3.61,12.7,6,Argentina,164.75,16,1975,197,RIESLING
3.46,9.5,5,Argentina,178.93,88,2008,200,Merlot
3.46,9.5,5,Kazahstan,53.38,90,2014,201,RIESLING
3.43,11.1,6,Kazahstan,53.1,8,1991,199,Chardonnay
3.29,10.4,5,Montenegro,187.53,78,1997,199,Shiraz
3.38,10.9,4,Argentina,10.64,52,1961,196,Merlot
2.94,9.5,5,France,22,11,2003,200,Pinot
3.21,10,5,Argentina,134.15,99,1985,198,Shiraz
3.1,9.2,5,Italy,154.65,44,1966,196,Chardonnay
3.22,9.6,5,France,200,78,1988,198,Merlot
3.46,9.5,5,Montenegro,186.9,68,1978,197,Shiraz
3.22,9.6,5,Argentina,105.29,43,2005,200,Pinot
3.21,10,5,Australia,55.94,71,1983,198,Chardonnay
3.29,9.2,6,Argentina,104.2,91,1988,198,Shiraz
3.28,9.8,5,France,94,47,1971,197,Shiraz
3.36,13.44,5,California,193.09,51,2008,200,Chardonnay
3.38,9.5,5,Kazahstan,58.28,34,1972,197,Merlot
3.06,10.1,5,France,166,83,1992,199,Shiraz
3.53,9.7,5,Italy,50.66,19,1965,196,RIESLING
3.27,10,6,Kazahstan,62.72,11,1963,196,Chardonnay
3.34,11.6,6,Argentina,118.08,67,1975,197,Merlot
3.37,13.48,5,California,60.71,73,1977,197,Chardonnay
3.4,10,5,France,110,55,1980,198,Chardonnay
3.38,9.9,4,Argentina,121.95,92,1962,196,Merlot
3.43,10,4,Kazahstan,11.95,94,1982,198,RIESLING
3.47,9.4,6,Argentina,191.94,4,1966,196,Merlot
3.48,11,3,Kazahstan,15.99,72,1982,198,Chardonnay
3.47,13.88,6,California,107.73,64,1991,199,RIESLING
3.08,10.1,6,France,60,30,1996,199,Merlot
3.11,10.8,6,Argentina,169.08,79,1987,198,RIESLING
3.31,9.7,5,Kazahstan,54.39,75,1993,199,Chardonnay
3.41,13.64,7,California,143.04,70,1993,199,Chardonnay
3.47,9.5,6,Italy,120.73,55,1971,197,Shiraz
3.47,9.5,6,Argentina,192.82,5,1990,199,Shiraz
3.9,12.8,6,Italy,196.16,78,1985,198,Merlot
3.31,13.24,5,California,116.76,75,2014,201,Pinot
3.32,9.4,5,France,134,67,1993,199,Chardonnay
3.03,9,5,Argentina,175.87,69,2014,201,Merlot
3.48,9.8,5,Italy,85.56,67,1980,198,Chardonnay
3.63,10.7,3,Australia,100.48,100,1980,198,Chardonnay
3.3,9.4,5,Kazahstan,50.1,76,1981,198,Merlot
3.4,9.4,5,Kazahstan,63.72,96,1987,198,Shiraz
3.28,9.7,5,Argentina,87.74,8,1978,197,RIESLING
3.25,9.4,5,Italy,68.97,50,1994,199,Pinot
3.37,11.3,5,Montenegro,181.86,18,1965,196,Merlot
3.21,10.2,6,Argentina,167.33,92,1988,198,RIESLING
3.06,9,5,Italy,74.09,98,2006,200,Shiraz
3.13,9.6,5,Argentina,65.79,23,1965,196,Pinot
3.3,11,6,Montenegro,17.28,71,1967,196,Shiraz
3.48,10,5,Australia,160.75,68,1970,197,Pinot
3.08,9.3,6,Argentina,190.68,13,1992,199,Pinot
3.26,10.2,5,Australia,70.86,7,1973,197,Shiraz
3.08,9.3,6,Italy,77.83,59,1968,196,Merlot
3.2,9.5,5,France,132,66,1964,196,Pinot
3.15,9.5,5,France,190,95,1978,197,Shiraz
3.2,9.5,5,Argentina,111.9,41,1995,199,Pinot
3.19,11.4,7,Italy,199.15,64,2005,200,RIESLING
3.26,10,5,Australia,154.96,77,1999,199,RIESLING
2.94,9.2,6,Kazahstan,63.05,71,2006,200,Chardonnay
3.15,12.6,5,California,125.07,85,1967,196,Pinot
2.94,11.76,6,California,95.92,14,2005,200,RIESLING
3.18,9.5,6,Argentina,112.43,86,1977,197,Pinot
3.14,9.7,5,Montenegro,110.59,23,1998,199,RIESLING
3.03,10.2,5,Argentina,106.41,33,2004,200,Pinot
3.36,9.6,6,Kazahstan,59.61,82,2011,201,RIESLING
3.32,9.6,6,Italy,167.7,75,1984,198,Pinot
3.4,10.9,4,Italy,12.89,66,1989,198,Shiraz
3.32,9.6,6,Australia,91.15,92,1972,197,RIESLING
2.92,10.5,7,Argentina,79.77,87,1994,199,Pinot
2.89,9.6,5,Kazahstan,55.57,58,1963,196,Pinot
3.08,9.5,5,Argentina,175.93,24,1965,196,Shiraz
3.12,12,6,Argentina,83.17,48,1991,199,RIESLING
3.14,11.1,7,France,62,31,2006,200,Merlot
2.98,14.9,5,Argentina,85.63,83,1989,198,RIESLING
3.41,11.2,5,Montenegro,103.69,49,1961,196,Merlot
2.89,9.6,5,Argentina,169.46,87,2006,200,Chardonnay
3.41,11.9,7,Argentina,90.05,10,2010,201,Merlot
3.16,11.3,6,Kazahstan,48.24,96,1964,196,Merlot
3.01,12.3,7,Australia,165.65,29,2004,200,Pinot
3.2,9.2,4,Australia,82.94,18,2005,200,RIESLING
3.4,10.1,5,Montenegro,62.49,77,1987,198,Merlot
3.37,10.1,7,France,72,36,1971,197,Pinot
3.39,9.4,5,France,40,20,2006,200,RIESLING
3.46,9.5,5,France,86,43,1968,196,Merlot
3.39,9.4,5,Italy,110.45,87,1987,198,Shiraz
3.46,9.5,5,Australia,75.18,67,1971,197,Merlot
3.36,10,5,Australia,119,40,1970,197,Pinot
3.39,13.56,5,California,106.82,22,1996,199,Shiraz
3.18,10.3,6,Kazahstan,58.26,12,1975,197,Pinot
3.24,9.4,5,Italy,105.46,99,2001,200,RIESLING
3.24,9.4,5,Kazahstan,63.3,27,1974,197,RIESLING
3.27,9.5,5,Australia,44.9,69,1987,198,Merlot
3.07,10.4,4,Argentina,76.58,50,1981,198,Shiraz
3.32,10.5,6,France,154,77,1973,197,Pinot
3.25,9.5,5,Kazahstan,55.74,31,2004,200,Shiraz
3.27,9.3,6,Australia,75.17,1,1962,196,Pinot
3.21,9.3,5,Australia,65.11,90,1984,198,RIESLING
3.36,9.1,5,Montenegro,89.39,37,1992,199,Merlot
3.33,10.9,6,Kazahstan,8.85,82,2014,201,Shiraz
3.36,13.44,5,California,196.24,78,1995,199,RIESLING
3.46,13.84,5,California,164.87,63,1993,199,Pinot
3.46,10.2,5,Italy,109.94,48,2010,201,Merlot
3.49,12.1,6,Italy,94.08,22,2000,200,RIESLING
3.13,9.5,5,Montenegro,194.74,17,1966,196,Pinot
3.15,9.1,5,Italy,122.2,78,2012,201,Pinot
3.28,13.12,5,California,131,60,2005,200,Chardonnay
3.27,9.4,5,Kazahstan,58.67,94,2010,201,Shiraz
3.09,12.36,5,California,84.71,74,1970,197,Merlot
3.13,10.2,5,Argentina,123.48,9,1971,197,Shiraz
3.03,9.8,6,France,130,65,2009,200,RIESLING
3.5,9.7,5,Italy,115.41,19,2008,200,Chardonnay
3.5,9.7,5,Argentina,137.44,87,1975,197,Shiraz
2.87,10.2,6,Montenegro,104.73,49,2001,200,Merlot
3.26,9.8,5,Italy,150.77,98,2002,200,Pinot
3.32,13.28,6,California,90.51,25,2006,200,Merlot
2.98,9.4,5,Australia,96.66,96,2006,200,Shiraz
3.39,9.2,5,France,56,28,1960,196,Merlot
3.56,12.7,6,France,154,77,1997,199,Shiraz
3.32,10.4,6,Australia,56.63,29,1962,196,Shiraz
3.31,10.5,6,Montenegro,53.64,83,1983,198,RIESLING
3.34,12.2,7,Kazahstan,58.93,57,1961,196,Chardonnay
3.31,9.2,6,Argentina,137.59,15,1980,198,Chardonnay
3.17,9.1,6,Italy,145.02,3,1962,196,RIESLING
3.1,9,6,Australia,71.93,78,1962,196,RIESLING
3.3,9.3,5,France,44,22,2002,200,RIESLING
3.1,9,6,Italy,66.84,93,2009,200,Shiraz
3.58,11.2,4,Australia,79.1,65,1985,198,Shiraz
3,9.3,6,Kazahstan,75.38,77,1997,199,Shiraz
3.2,9.8,6,Montenegro,100.3,54,2010,201,Merlot
3.26,11.7,7,Argentina,42.44,85,1967,196,Shiraz
3.09,10,6,France,124,62,1997,199,Merlot
3.04,9.3,6,France,170,85,1966,196,Shiraz
3.27,9.3,5,Australia,149.81,40,1978,197,RIESLING
3.4,9.5,5,Italy,101.63,97,1992,199,Chardonnay
3.29,9,5,Italy,115.67,12,1972,197,Chardonnay
3.35,9.7,5,Argentina,134.33,68,1960,196,Shiraz
3.12,11.5,6,Kazahstan,63.22,30,1974,197,Pinot
3.71,12.8,7,Italy,243.57,78,1991,199,Chardonnay
3.17,10.4,6,Kazahstan,13.24,97,1988,198,Merlot
3.35,9.7,5,Australia,97.96,16,1962,196,Chardonnay
3.05,10.5,7,Montenegro,93.19,22,1980,198,Merlot
3.72,14,8,Argentina,111.82,75,2002,200,RIESLING
3.26,9.3,5,France,174,87,1976,197,Pinot
3.12,10.6,7,Montenegro,55.7,45,2008,200,Shiraz
3.47,9.6,6,Kazahstan,69.06,23,1991,199,Merlot
3.3,10.7,7,France,98,49,2004,200,Pinot
2.98,9.9,7,Montenegro,50.23,72,1984,198,Merlot
3.19,9.2,5,Australia,151.83,19,1976,197,RIESLING
3.19,12.76,5,California,141.41,3,1975,197,Shiraz
3.14,9.8,6,Montenegro,188.19,46,1962,196,Merlot
3.29,9.8,5,Argentina,166.03,15,2006,200,Merlot
3.3,9.5,5,France,38,19,1981,198,Pinot
3.3,9.6,4,Australia,64.78,83,1964,196,Pinot
3.2,10.2,6,Australia,95.31,31,1974,197,Pinot
3.19,10,6,Montenegro,56.5,9,2011,201,Pinot
3.23,9.3,4,Italy,127.86,81,2010,201,Pinot
3.32,10.5,7,Kazahstan,23.33,28,1973,197,Chardonnay
3.14,10.4,5,Argentina,78.37,3,1978,197,Merlot
3.57,11.7,6,Montenegro,168.52,39,1975,197,Shiraz
3.32,11,6,Kazahstan,49.47,53,1991,199,Pinot
3.57,11.7,6,Argentina,77.99,42,1998,199,Pinot
3.31,10.7,6,Italy,169.87,79,1990,199,Merlot
3.32,9,6,Kazahstan,55.11,42,2008,200,RIESLING
3.32,9,6,Kazahstan,59.78,93,1966,196,Shiraz
3.14,11.4,5,Argentina,114.28,10,1994,199,Chardonnay
3.3,12.7,6,Argentina,195.75,98,1989,198,Shiraz
3.31,10.1,6,Italy,78.63,9,1971,197,Shiraz
3.08,12.32,5,California,149.52,93,1987,198,Merlot
3.23,9.2,5,Argentina,179.17,42,2000,200,Merlot
3.14,11.4,5,Italy,92.89,10,2014,201,Pinot
3.3,12.7,6,Australia,117.76,29,2000,200,Pinot
3.07,11.7,6,France,190,95,2000,200,Merlot
2.92,11.1,5,Montenegro,77.16,38,1972,197,Pinot
3.07,11.7,6,Italy,112.47,80,1987,198,RIESLING
2.92,11.1,5,Kazahstan,73.44,1,1961,196,Chardonnay
3.27,10.9,6,Italy,77.54,27,1992,199,Shiraz
2.92,11.1,5,Kazahstan,55.63,33,1995,199,RIESLING
3.74,11.5,5,Italy,105.46,34,2010,201,RIESLING
3.12,10,6,Montenegro,178.06,19,1993,199,RIESLING
3.19,10,6,Australia,88.1,47,2012,201,RIESLING
3.27,9.4,6,Kazahstan,68.09,12,1974,197,Merlot
3.12,10.4,6,Kazahstan,50.95,44,2000,200,Chardonnay
3.26,10.7,6,Italy,175.85,16,1999,199,Shiraz
3.45,9.5,6,Italy,199.34,82,1997,199,Chardonnay
3.08,9.1,5,Italy,91.98,50,2013,201,Chardonnay
3.06,11,6,Kazahstan,67.75,89,2014,201,Chardonnay
3.12,9.9,5,Argentina,57.21,35,1975,197,Chardonnay
3.21,11,6,Argentina,82.82,98,1965,196,Pinot
3.26,9.6,5,Montenegro,194.95,74,1999,199,Chardonnay
3.22,11.2,5,Italy,102.95,81,2002,200,RIESLING
3.2,12,7,Argentina,113.5,4,2008,200,Shiraz
3.37,10.7,6,Italy,125.8,75,1977,197,Chardonnay
3.09,9.4,5,Italy,74.26,99,1986,198,Chardonnay
3.4,12.5,7,France,198,99,1973,197,RIESLING
3.36,12.8,7,Italy,370.68,72,2005,200,Pinot
3.41,10.3,6,Argentina,164.76,27,1964,196,RIESLING
3.28,10,6,Kazahstan,66.89,54,2008,200,Merlot
3.22,12.8,6,Kazahstan,78.02,82,1965,196,Pinot
3.16,10.3,5,Kazahstan,74.05,60,1962,196,RIESLING
3.16,10.3,5,Australia,143.66,95,1973,197,RIESLING
3.41,10.3,6,Montenegro,85.17,38,1975,197,Chardonnay
3.34,8.7,6,Australia,191.18,35,1978,197,Shiraz
3.39,11.4,6,Montenegro,195.92,99,1976,197,Shiraz
3.15,11.4,6,Kazahstan,13.05,71,1982,198,RIESLING
3.36,11,5,Kazahstan,68.81,82,1986,198,RIESLING
3.24,9.9,5,France,134,67,1963,196,Chardonnay
3.22,12.88,5,California,81.21,0,1966,196,Merlot
3.38,9.8,5,Australia,151.7,64,1962,196,Shiraz
3.48,9.1,5,Italy,118.99,96,1999,199,Pinot
3.42,10,6,Montenegro,150.14,40,2008,200,Pinot
3.36,13.44,5,California,70.78,53,2012,201,Merlot
3.22,11.7,6,France,64,32,1999,199,Chardonnay
3.16,12.64,3,California,102.74,46,1994,199,Shiraz
3.25,13,6,California,199.74,56,2012,201,RIESLING
3.31,9.3,5,France,18,9,1973,197,RIESLING
3.36,12.8,7,Italy,249.32,12,1963,196,Pinot
3.09,11.8,7,Montenegro,151.54,94,1983,198,RIESLING
3.23,12,7,Italy,347.71,58,1976,197,Pinot
3.03,9.7,6,France,120,60,1997,199,RIESLING
3.18,12.72,6,California,92.33,22,1992,199,RIESLING
3.02,9.5,5,Italy,58.29,93,1960,196,Chardonnay
3.04,11.4,7,Argentina,66.21,4,1997,199,Merlot
3.18,10.2,6,Kazahstan,54.49,16,1997,199,RIESLING
3.17,9.5,6,Kazahstan,62.62,36,2003,200,Merlot
3.25,10.8,7,Montenegro,156.1,10,2009,200,Shiraz
3.02,10.9,7,Italy,318.25,68,1987,198,Pinot
3.18,10.9,7,Argentina,127.41,82,1989,198,Shiraz
3.38,11.6,7,Australia,176.75,72,1988,198,Pinot
3.17,12,7,Argentina,81.02,14,1977,197,Merlot
3.45,11.2,6,Kazahstan,41.42,93,1976,197,Merlot
3.43,9,6,Argentina,52.38,48,1963,196,Merlot
3.48,11.6,6,France,140,70,2003,200,RIESLING
3.32,11.1,5,Australia,194.52,63,1974,197,RIESLING
3.15,11,8,Kazahstan,56.61,22,1998,199,Shiraz
3.44,12.1,6,Australia,96.82,62,1994,199,Shiraz
3.36,9.5,5,Italy,173.36,60,1977,197,Shiraz
3.48,11.6,6,Australia,129.42,8,1964,196,Pinot
3.33,11.8,7,Italy,277.97,35,2014,201,Chardonnay
3.34,13.36,7,California,184.54,59,1965,196,Shiraz
3.31,13.24,6,California,184.86,87,1962,196,Chardonnay
3.34,10.2,6,France,188,94,1981,198,Pinot
3.32,10.8,7,Kazahstan,47.85,13,1999,199,Merlot
3.17,12.68,6,California,64.1,17,1964,196,Pinot
3.17,10,5,Kazahstan,50.59,93,2005,200,Merlot
3.06,13.4,6,Kazahstan,68.23,75,1991,199,RIESLING
3.04,9.4,5,Australia,153.85,94,1982,198,Merlot
3.12,9.2,5,Italy,138.13,38,2003,200,Chardonnay
3.19,10.1,6,Montenegro,147.93,74,2000,200,RIESLING
3.18,12.72,6,California,104.19,89,1980,198,Merlot
3.28,9.7,5,Italy,85.46,64,1967,196,Pinot
3.14,10.2,5,Montenegro,68.15,96,2005,200,Chardonnay
3.3,11.5,4,Argentina,33.39,83,2004,200,Chardonnay
3.3,11.8,7,Australia,225.57,79,2006,200,Chardonnay
3.2,9.4,6,Argentina,79.35,81,2008,200,Merlot
3.26,10.6,5,Montenegro,113.68,41,1995,199,Chardonnay
3.15,10.4,6,Australia,168.34,84,2007,200,RIESLING
3.2,11.4,6,Italy,86.05,13,2000,200,RIESLING
3.05,10.6,5,Italy,167.82,92,1973,197,Merlot
3.2,9.8,5,Italy,157.18,73,2006,200,RIESLING
3.17,9.2,6,Italy,131.46,89,1982,198,Pinot
3.16,11.5,6,Argentina,138.39,94,1994,199,Merlot
3.48,9.7,5,Montenegro,98.52,50,2006,200,RIESLING
2.98,9.2,6,Australia,103.62,11,1980,198,Merlot
3.22,11.4,6,Kazahstan,50.65,42,1994,199,Shiraz
3.08,9,5,Kazahstan,46.08,52,1970,197,Merlot
3.18,11.8,5,Kazahstan,52.22,64,1991,199,Chardonnay
3.26,13.04,5,California,164.73,80,1960,196,RIESLING
3.41,9.5,6,Italy,12.42,54,1973,197,Pinot
3.35,11.3,6,Montenegro,134.94,18,1965,196,Chardonnay
3.25,9,3,Kazahstan,76.23,72,1999,199,Shiraz
3.61,10,6,Montenegro,11.37,59,1969,196,Merlot
3.26,11.2,7,Montenegro,64.22,91,1982,198,Chardonnay
3.37,10.3,5,Argentina,130.54,8,1978,197,Merlot
3.28,9.8,6,Montenegro,89.65,75,1988,198,Shiraz
3.22,13.4,8,France,184,92,1967,196,Pinot
3.5,11.1,5,Italy,166.73,100,1996,199,Shiraz
3.23,12.92,6,California,150.84,66,1974,197,Merlot
3.21,11.8,7,Australia,256.32,74,1974,197,RIESLING
3.44,10,6,Italy,127.32,67,1987,198,Merlot
3.06,12.24,6,California,71.4,44,1974,197,Merlot
3.1,10.8,6,Australia,135.74,37,2006,200,Merlot
3.1,10.8,6,France,66,33,1967,196,Shiraz
3.22,11.2,5,Montenegro,90.53,49,1969,196,Merlot
3.1,10.5,5,Australia,64.53,36,1975,197,Merlot
3.23,10.1,6,Montenegro,125.18,58,1964,196,Chardonnay
3.57,14.28,7,California,77.69,1,2005,200,RIESLING
3.23,11.6,7,Argentina,171.97,81,2012,201,Shiraz
2.88,9.8,8,Montenegro,119.62,71,1969,196,Shiraz
3.08,9.3,5,Australia,88.21,10,1976,197,Shiraz
3.15,9.9,6,France,194,97,1977,197,Chardonnay
3.17,11.2,6,Montenegro,104.45,44,1968,196,Shiraz
3.26,10.2,6,Kazahstan,60.28,7,1965,196,Pinot
3.16,9.5,5,Australia,92.6,80,1976,197,Shiraz
3.15,9.9,6,Montenegro,71.07,71,1986,198,Shiraz
3.16,9.5,5,Australia,110.78,92,2003,200,RIESLING
3,12.8,6,Kazahstan,54.25,100,1980,198,Pinot
3.25,9.2,5,Kazahstan,50.47,39,1973,197,Shiraz
3.15,12.6,7,California,58.27,40,1960,196,Shiraz
3.1,12.4,6,California,160.09,96,1985,198,Pinot
3.24,9.3,5,Italy,186.24,72,1963,196,RIESLING
3.49,11.4,6,France,156,78,1980,198,Merlot
3.05,11.5,7,Italy,229.5,46,1973,197,Chardonnay
3.36,10.9,5,Australia,99.7,99,1990,199,Merlot
3.15,11,7,Kazahstan,59.32,89,1999,199,Chardonnay
3.36,10.9,5,Montenegro,118.04,71,1965,196,Chardonnay
3.28,11.3,7,Italy,222.81,8,1979,197,Chardonnay
3.62,9.9,5,Kazahstan,53.81,41,1993,199,Chardonnay
3.24,12.96,6,California,115.63,79,1996,199,Chardonnay
3.19,11.4,5,Australia,103.55,10,1991,199,Chardonnay
3.38,13.52,6,California,45.85,23,2000,200,Pinot
3.44,10.5,5,Italy,141.92,49,1979,197,Pinot
3.26,11.7,6,France,136,68,2005,200,Pinot
3.32,9.3,5,Kazahstan,69.85,75,2009,200,Shiraz
3.26,9.5,5,Argentina,155.13,66,1991,199,Chardonnay
3.27,11.7,7,Kazahstan,45.8,79,1988,198,Pinot
3.27,13.08,5,California,165.05,71,1995,199,Chardonnay
3.38,9.5,5,Kazahstan,71.96,76,1997,199,Chardonnay
3.38,9.5,6,Montenegro,104.67,10,2012,201,RIESLING
3.38,9.6,4,Montenegro,160.7,87,1971,197,Shiraz
3.19,11.3,6,France,20,10,1979,197,Pinot
3.18,10.8,7,Argentina,193.57,75,1983,198,Merlot
3.24,10.8,6,Montenegro,143.36,24,1963,196,Shiraz
3.36,10.1,6,Argentina,133.38,31,1969,196,Merlot
3.26,9.1,5,Kazahstan,54.75,46,1999,199,RIESLING
3.29,10.8,6,Montenegro,137.19,85,2011,201,Chardonnay
3.1,9.4,5,Kazahstan,64.5,88,1962,196,RIESLING
3.18,11,6,Montenegro,170.2,15,1973,197,Chardonnay
3.18,11,6,Kazahstan,52.86,93,2009,200,RIESLING
3.47,13.88,5,California,119.2,83,1985,198,Pinot
3.22,13,7,Kazahstan,58.8,97,1990,199,Shiraz
3.03,9.9,5,Argentina,135.64,38,1972,197,Shiraz
3.16,9.1,5,France,122,61,1960,196,RIESLING
3.18,9.5,5,Argentina,70.55,47,1962,196,Shiraz
3.06,10,6,Kazahstan,74.97,31,2010,201,Shiraz
3.56,12.9,8,Montenegro,155.67,88,1986,198,Shiraz
3.19,10,7,Argentina,59.21,94,1991,199,RIESLING
3.43,9.2,6,Argentina,99.07,54,1999,199,Chardonnay
3.41,9.2,6,Montenegro,113.42,10,2003,200,Shiraz
3.43,9.7,6,Montenegro,166.25,62,2009,200,RIESLING
3.42,9.2,5,France,86,43,1979,197,Shiraz
3.21,9.4,6,Italy,116.21,86,2011,201,Pinot
3.06,10,6,Argentina,120.52,37,1978,197,RIESLING
3.21,9.4,6,Kazahstan,61.97,1,1976,197,Pinot
3.31,10.8,6,France,94,47,1990,199,Chardonnay
3.11,13.3,6,France,36,18,1972,197,RIESLING
3.2,12,7,France,74,37,1995,199,Shiraz
3.26,11,6,Kazahstan,57.79,68,1963,196,Pinot
3.27,12.4,7,Italy,277.34,52,1974,197,Merlot
3.01,10.8,6,Australia,166.43,15,2001,200,Pinot
3.05,9.2,5,Montenegro,55.81,13,1997,199,Pinot
3.32,10.6,6,Australia,178.29,7,2006,200,RIESLING
3.32,8.7,6,France,136,68,2014,201,Merlot
3.57,9.9,5,Australia,148.68,62,1967,196,Pinot
3.46,12.9,7,Australia,205.31,27,1966,196,Shiraz
3.18,9.4,5,Montenegro,164.99,78,1964,196,Merlot
2.95,11.2,7,Australia,212.33,5,2002,200,RIESLING
3.07,10,7,Argentina,198.44,93,1987,198,RIESLING
3.37,11.8,6,Montenegro,129.42,76,2005,200,Shiraz
2.99,10.2,5,Kazahstan,48.01,80,1976,197,Merlot
3.05,10,5,Argentina,106.31,27,1993,199,Shiraz
3.37,9.9,6,Italy,106.44,74,1992,199,Merlot
3.19,9.4,5,Montenegro,154.72,65,1993,199,Chardonnay
3.14,11.1,7,Australia,164.69,42,1970,197,Chardonnay
3.23,11.3,7,Italy,259.09,99,1984,198,RIESLING
3.26,11,5,France,132,68,1987,198,Merlot
3.55,14.2,6,California,88.63,93,1987,198,Shiraz
3.25,11.9,6,Italy,127.16,69,1998,199,Merlot
3.27,9.3,5,Italy,96.12,15,1974,197,RIESLING
3.16,9.8,5,France,138,69,2011,201,Pinot
3.35,9.4,6,Australia,95.2,49,1969,196,RIESLING
3.28,9.9,6,Argentina,117.7,72,1970,197,Merlot
3.36,9.4,6,Australia,123.32,44,2004,200,Merlot
3.11,10,6,Italy,91.16,44,1965,196,RIESLING
3.02,12,6,Montenegro,173,65,2002,200,Chardonnay
3.14,11.8,7,Australia,174.14,27,1995,199,Merlot
3.6,9.9,5,Kazahstan,55.11,46,1990,199,Merlot
3.12,10.7,6,Australia,197.84,75,1982,198,Pinot
3.3,9.8,6,Kazahstan,55.15,12,2003,200,Pinot
3.3,9.8,6,Italy,81.57,52,2012,201,Chardonnay
3.45,9.8,5,Argentina,54.56,75,1967,196,RIESLING
3.21,11.3,6,France,74,37,1961,196,Chardonnay
3.11,9.8,7,Kazahstan,64.48,98,1992,199,Merlot
3.16,11.5,6,Argentina,111.59,49,2001,200,Merlot
3.1,9.2,5,Kazahstan,12.25,84,2013,201,Pinot
3.31,10.3,5,France,44,91,1985,198,Merlot
3.35,12.5,6,France,2,1,1961,196,Merlot
3.17,12.2,7,Argentina,120.97,77,1976,197,RIESLING
3.34,11.7,7,Montenegro,128.06,63,2005,200,RIESLING
3.13,11,5,Kazahstan,50.01,81,1988,198,Shiraz
3.22,9.4,6,Australia,62.66,62,2011,201,Shiraz
3.23,12.5,6,Montenegro,103.48,97,1988,198,Merlot
3.38,11.8,6,Argentina,103.26,83,1963,196,Pinot
3.23,12.5,6,Australia,64.78,6,2005,200,Merlot
3.38,10.3,6,Australia,166.56,86,1980,198,Pinot
3.18,12.72,5,California,158.76,6,1993,199,Pinot
3.16,9.7,6,Montenegro,61.85,8,2013,201,Pinot
3.28,13.12,5,California,141.27,6,2011,201,Chardonnay
3.16,9.2,6,Italy,166.8,59,2008,200,Shiraz
3.38,11.7,6,France,128,64,1993,199,Pinot
3.16,9.2,6,Italy,67.27,86,1991,199,Chardonnay
3.28,9.5,6,Australia,192.63,0,2013,201,RIESLING
3.29,13.16,5,California,110.45,79,1982,198,RIESLING
3.24,9.7,5,Kazahstan,62.64,83,1985,198,RIESLING
3.37,11.5,7,France,120,60,2008,200,Merlot
3.3,10.4,6,Italy,76.06,14,1980,198,Shiraz
3.3,10,7,Italy,328.78,66,1978,197,RIESLING
3.3,10.4,6,Australia,189.23,44,1976,197,Chardonnay
3.3,10.1,5,Montenegro,71.19,25,2000,200,Pinot
3.42,11,6,Italy,144.7,60,1992,199,Shiraz
3.39,11,5,Italy,99.49,4,2012,201,Pinot
3.3,9.4,5,Italy,116.8,89,1966,196,RIESLING
3.32,9.5,6,France,122,61,1973,197,Shiraz
3.27,13.08,6,California,100.12,43,1981,198,RIESLING
3.12,9.3,6,Kazahstan,52.46,88,1991,199,Chardonnay
3.41,9.5,6,Australia,93.47,75,2010,201,Pinot
3.3,10.2,5,Italy,20.65,3,1971,197,Shiraz
3.19,12.76,6,California,184.72,53,2006,200,Merlot
3.19,9.5,6,Montenegro,132.19,37,1978,197,Chardonnay
3.36,9.4,5,Kazahstan,62.46,84,1994,199,Pinot
3.12,9.3,6,Italy,112.26,70,2005,200,Merlot
3.45,13.8,4,California,17.97,65,1987,198,RIESLING
3.2,9.2,5,Kazahstan,63.08,96,1973,197,Shiraz
3.39,9.5,5,Argentina,188.27,92,1990,199,RIESLING
3.51,14.04,5,California,110.84,66,2013,201,RIESLING
3.22,10.1,6,Kazahstan,57.88,78,1998,199,RIESLING
3.38,13.52,6,California,142.21,82,2012,201,Pinot
3.68,9.6,5,Argentina,93.5,67,1993,199,RIESLING
3.67,9.7,5,Italy,107.29,83,1992,199,Merlot
3.67,9.6,5,France,100,50,2009,200,RIESLING
3.16,9.9,5,France,34,79,1987,198,Pinot
3.36,13.44,5,California,21.92,13,2008,200,Merlot
3.05,9.5,5,Australia,192.13,82,2008,200,Shiraz
3.41,10.1,6,Italy,98.56,87,1986,198,Chardonnay
3.22,10.3,6,Montenegro,131.05,60,1975,197,Merlot
3.3,10.5,5,France,196,98,1992,199,Shiraz
3.4,11,7,Australia,301.97,94,2014,201,Pinot
3.2,9.2,5,Montenegro,135.43,40,1997,199,Shiraz
3.4,10.9,7,Italy,372.03,75,1999,199,Pinot
3.37,10.3,6,Montenegro,70.6,29,1961,196,Merlot
3.1,10.3,6,France,0,87,1982,198,Chardonnay
3.31,9.8,5,Italy,69.04,58,1995,199,Merlot
3.31,9.8,5,Argentina,109.13,37,1968,196,Pinot
3.36,9.1,5,Argentina,85.63,99,2001,200,Chardonnay
3.25,9.9,7,Kazahstan,50.3,62,1973,197,Chardonnay
3.12,12.48,6,California,150.99,70,1973,197,Chardonnay
3.38,10.5,7,France,34,17,1968,196,Pinot
3.23,12.6,8,Argentina,111.29,19,1965,196,RIESLING
3.28,10.1,6,Kazahstan,64.24,47,1960,196,Merlot
3.69,9.4,6,Montenegro,88.72,63,1993,199,Pinot
3.36,10.7,6,Australia,189.54,100,2003,200,Pinot
3.38,9.4,5,France,134,67,2007,200,Shiraz
3.31,9.4,5,Montenegro,179.06,67,2010,201,Pinot
3.22,10.1,5,Australia,72.39,11,2001,200,Pinot
3.28,10.1,6,Argentina,122.23,48,2013,201,RIESLING
3.36,10.7,6,Australia,193.4,62,1980,198,Pinot
3.28,10.1,6,Montenegro,101.45,74,2001,200,Merlot
3.29,9.8,6,Italy,110.2,67,2006,200,Chardonnay
3.69,9.4,6,Argentina,158.78,34,1980,198,Merlot
3.2,10.2,7,France,164,82,2004,200,Merlot
3.08,10.9,5,Italy,116.29,84,1965,196,Merlot
3.28,13.12,5,California,140.61,92,1974,197,Chardonnay
3.34,10,5,Kazahstan,62.41,67,2014,201,Shiraz
3.29,9.3,5,Montenegro,125.64,37,1971,197,Pinot
3.36,10.5,7,France,184,92,1991,199,RIESLING
3.06,9.4,5,Argentina,148.69,82,1965,196,Pinot
3.36,9.5,5,Montenegro,129.86,90,1976,197,Merlot
3.49,9.2,5,Montenegro,98.28,40,2006,200,Chardonnay
3.36,10.5,6,Montenegro,97.38,78,1987,198,Merlot
3.36,10.5,6,Italy,63.46,43,2013,201,Shiraz
3.22,9.2,5,France,198,99,1969,196,Pinot
3.26,9.3,5,France,6,3,1994,199,Chardonnay
3.47,9.9,6,France,54,79,1983,198,Merlot
3.25,10.2,6,Australia,95.44,7,1973,197,Shiraz
3.23,9.5,5,France,102,51,1969,196,Pinot
3.17,10.5,5,Argentina,166.16,8,1999,199,Shiraz
3.47,9.9,6,France,0,0,1971,197,Pinot
3.41,13.64,5,California,98.12,6,2008,200,Pinot
3.22,10,6,Italy,52.23,66,1983,198,RIESLING
3.61,14.44,6,California,191.04,27,1972,197,RIESLING
3.35,9.8,6,Montenegro,128.05,90,1982,198,RIESLING
3.2,9.3,5,Montenegro,112.82,47,2012,201,Pinot
3.38,9.5,5,France,72,36,1995,199,Chardonnay
3.61,14.44,6,California,186.86,74,1960,196,Chardonnay
3.07,9.2,7,France,54,88,1988,198,Shiraz
3.4,11,7,Australia,176.12,63,1966,196,Shiraz
3,9.3,5,France,28,14,1995,199,Chardonnay
3.32,9,6,Kazahstan,62.76,97,1976,197,Chardonnay
3.24,10.9,5,Italy,43.22,96,1975,197,Chardonnay
3.37,9.2,6,Montenegro,89.64,71,2010,201,RIESLING
3.37,9,6,Australia,125.97,94,2000,200,RIESLING
3.59,14.36,4,California,50.65,55,1969,196,Merlot
3.37,9,6,Argentina,94.65,54,2000,200,Shiraz
3.46,11,5,Argentina,135.77,70,1996,199,RIESLING
3.34,9.6,6,Argentina,109.56,7,1964,196,Pinot
3.25,10.5,6,France,50,25,2014,201,Pinot
3.37,9.9,6,Montenegro,101.8,23,2006,200,Shiraz
3.54,14.16,7,California,126.72,79,1987,198,Merlot
3.46,13.84,5,California,95.7,80,1963,196,RIESLING
3.37,10.5,6,Argentina,158.69,67,1990,199,Chardonnay
3.39,13.56,5,California,186.05,83,1965,196,Chardonnay
3.04,9.5,6,Argentina,117.31,1,2009,200,Shiraz
3.37,10.5,6,Montenegro,112.74,34,1991,199,Pinot
3.26,9.9,5,Australia,171.82,42,2002,200,Pinot
3.37,9.6,4,France,18,9,2000,200,Merlot
3.15,12.6,5,California,106.89,43,1995,199,Shiraz
3.34,9.4,6,Montenegro,61.22,20,1993,199,Pinot
3.3,9.5,5,France,170,97,1984,198,RIESLING
3.36,13.44,5,California,119.65,90,1986,198,RIESLING
3.14,11,5,Montenegro,147.82,86,1984,198,RIESLING
3.34,10.5,5,Kazahstan,72.13,9,2008,200,Chardonnay
3.24,9.8,6,France,54,27,1969,196,Pinot
3.3,10.1,5,Montenegro,62.79,20,1993,199,Chardonnay
3.35,10,6,Australia,166.46,3,1969,196,Merlot
3.3,12.4,6,France,194,87,1982,198,Shiraz
3.32,11.9,7,Australia,290.22,30,2005,200,Chardonnay
3.29,9.3,5,France,52,26,1965,196,Merlot
3.54,13.57,7,Australia,252.77,0,2004,200,Pinot
3.2,10.8,7,Argentina,198.14,54,1995,199,Shiraz
3.37,11,5,Kazahstan,30.7,36,1974,197,Chardonnay
3.34,9.2,6,Montenegro,188.92,34,1965,196,Pinot
3.34,9.2,5,Kazahstan,67.64,83,1996,199,Chardonnay
3.04,9.3,5,Montenegro,60.53,92,1987,198,Chardonnay
3.22,10.3,7,France,172,86,1974,197,Pinot
3.28,12,4,Kazahstan,12.51,56,1970,197,RIESLING
3.11,10.1,6,Argentina,190.44,90,1987,198,RIESLING
3.52,10.2,7,Kazahstan,49,94,1970,197,Merlot
3.46,10.2,5,Italy,102.34,17,1978,197,Merlot
3.25,9.4,5,Italy,109.83,29,2003,200,RIESLING
3.28,13.12,5,California,125.07,13,2010,201,Merlot
3.28,9.7,5,Kazahstan,55.76,70,1991,199,Shiraz
3.28,9.5,5,Kazahstan,67.99,12,2014,201,Pinot
3.57,9.8,6,Australia,64.04,87,1967,196,Pinot
3.23,9.4,5,Kazahstan,47.91,60,1990,199,Pinot
3.22,12.88,6,California,142.82,15,1979,197,Pinot
3.2,9.5,5,Australia,126.71,14,1966,196,Merlot
3.2,9.5,5,Kazahstan,69.61,30,1997,199,RIESLING
3.39,9.7,5,Australia,148.66,65,1981,198,Shiraz
3.34,9.2,8,Italy,767.17,87,1985,198,Shiraz
3.26,9.7,5,Australia,196.56,69,1985,198,Chardonnay
3.52,9.3,6,Australia,84.34,77,1984,198,RIESLING
3.54,9.3,5,Australia,158.22,63,1960,196,Shiraz
3.12,9.3,5,Montenegro,197.53,25,1967,196,Pinot
3.19,9.5,5,Kazahstan,63.04,19,1981,198,RIESLING
3.19,9.5,5,France,190,95,2006,200,Pinot
3.48,9.6,5,Argentina,117.66,79,2008,200,Shiraz
3.58,10.5,6,Australia,141.7,99,1963,196,Chardonnay
3.33,9.5,5,France,118,59,2010,201,Chardonnay
3.16,9.8,5,Argentina,60.07,32,1997,199,Shiraz
3.33,9.5,5,France,106,53,1979,197,Chardonnay
3.39,11.4,6,Montenegro,64.04,43,1976,197,Shiraz
3.42,11.5,6,Argentina,97.09,14,1960,196,Merlot
3.29,13.16,6,California,181.01,45,2009,200,Pinot
3.26,9.6,6,Montenegro,18.64,89,2011,201,Shiraz
3.29,9.2,6,Australia,123.11,42,1997,199,Pinot
3.41,11.1,4,Argentina,7.71,52,2011,201,Pinot
3,9.5,5,Argentina,111.47,76,1975,197,Shiraz
3.47,10.4,6,Italy,108.42,73,1982,198,Pinot
3.37,10.4,5,Kazahstan,34.15,5,1977,197,Chardonnay
3.6,9.8,4,Argentina,40.7,2,1977,197,Pinot
3.34,13.36,5,California,71.95,62,1975,197,RIESLING
3.19,9.5,5,Montenegro,118.49,13,1975,197,Shiraz
3.37,9.4,5,Montenegro,83.77,73,1983,198,Pinot
3.37,9.4,5,Italy,199.08,47,1995,199,Pinot
3.33,10,6,Kazahstan,66.79,75,1986,198,Pinot
3.35,9.4,4,Australia,9.66,66,1983,198,RIESLING
3.2,9.6,5,Montenegro,154.79,79,2002,200,Merlot
3.59,9.3,6,Argentina,63.04,82,1984,198,Chardonnay
3.48,9.3,5,France,30,15,1964,196,Merlot
3.42,10.5,5,France,106,53,1970,197,Pinot
3.42,10.5,5,Italy,80.63,17,1997,199,RIESLING
3.42,10.5,5,Australia,67.77,52,1970,197,Chardonnay
3.35,10.1,5,Kazahstan,55.62,89,1965,196,RIESLING
3.35,13.4,5,California,177.61,96,2005,200,Chardonnay
3.33,10.4,4,Italy,82.1,14,1980,198,RIESLING
3.33,10.3,6,Montenegro,142.66,94,1974,197,Merlot
3.11,9.3,5,France,178,89,1997,199,Pinot
3.23,11.3,8,Italy,178.11,42,2011,201,Pinot
3.54,10,5,Argentina,106.52,97,1999,199,Shiraz
3.17,9.4,5,Argentina,157.8,26,1991,199,RIESLING
3.68,14,6,France,56,28,2009,200,Pinot
3.34,13.36,5,California,61.16,54,1978,197,Merlot
3.68,14,6,Italy,179.44,56,2012,201,Merlot
3.23,9.5,5,Australia,101.6,33,1990,199,Pinot
3.19,9.6,5,Kazahstan,76.37,17,1970,197,Shiraz
3.32,9.5,5,Australia,119.4,97,1960,196,Merlot
3.33,9.5,5,Italy,65.46,34,2000,200,Merlot
3.48,13.92,5,California,188.29,7,2003,200,Pinot
3.23,9.5,5,Italy,103.92,45,2011,201,Merlot
3.19,12.76,5,California,176.93,82,1988,198,Shiraz
3.36,10.4,6,Australia,103.82,32,2008,200,RIESLING
3.22,9.9,6,Montenegro,133.08,57,2014,201,Merlot
3.4,13.6,6,California,95.91,49,2006,200,Shiraz
3.63,13,5,Montenegro,110.18,83,2001,200,RIESLING
3.24,9.4,5,Italy,137.58,81,2004,200,Shiraz
3.42,9.4,5,Italy,112,48,1977,197,RIESLING
3.42,10.5,7,Kazahstan,158.78,100,1966,196,Pinot
3.54,10.9,5,France,90,73,1988,198,RIESLING
3.53,10.9,5,Argentina,129.85,66,1994,199,RIESLING
3.43,12.6,5,Argentina,11.42,67,1982,198,RIESLING
3.16,12.64,5,California,73.51,13,1968,196,Chardonnay
3.39,9.5,5,Australia,167.18,5,1961,196,Merlot
3.44,9.5,5,France,56,28,1976,197,Shiraz
3.21,10.9,6,Kazahstan,49.75,5,1974,197,RIESLING
3.3,9,5,Australia,90.19,93,2012,201,RIESLING
3.34,9.2,6,France,134,67,1989,198,Shiraz
3.21,10.9,6,France,148,82,1985,198,RIESLING
3.37,9.4,6,Australia,167.17,75,2001,200,RIESLING
3.39,10,6,France,82,41,1993,199,Shiraz
3.07,12.28,6,California,118.3,68,2002,200,Pinot
3.19,9.5,5,France,184,92,2007,200,Chardonnay
3.32,9.7,6,Italy,77.98,9,1979,197,Shiraz
3.15,9.8,5,France,102,51,1996,199,RIESLING
3.15,9.8,5,Montenegro,165.57,99,1984,198,Merlot
3.19,9.5,5,Australia,104.06,75,1962,196,Shiraz
3.21,9.3,5,Kazahstan,58.53,59,1980,198,Merlot
3.37,9.6,6,Argentina,113.61,61,1961,196,Pinot
3.46,9.3,5,Australia,189.74,84,2002,200,Merlot
3.08,9.3,5,Montenegro,165.01,39,1971,197,Merlot
3.29,9.2,5,Italy,79.54,6,2011,201,Pinot
3.57,14.28,5,California,8.37,89,1973,197,RIESLING
3.33,9.4,5,France,62,31,2014,201,Chardonnay
3.29,9.2,5,Australia,176.48,76,1983,198,Chardonnay
3.3,9,6,France,190,69,1987,198,Merlot
3.31,10.4,6,Italy,92.78,94,1994,199,Chardonnay
3.4,10.2,6,Argentina,188.02,0,2000,200,RIESLING
3.39,9.8,5,France,122,61,2001,200,Pinot
3.25,13,5,California,76.73,70,1966,196,RIESLING
3.45,10.7,5,Australia,180.09,1,2007,200,Merlot
3.85,12.9,6,Argentina,83.26,41,1980,198,Chardonnay
3.5,11,4,Argentina,41.85,32,1974,197,Chardonnay
3.39,9.6,5,Montenegro,83.49,24,2003,200,RIESLING
2.93,11.72,5,California,195.44,5,1978,197,RIESLING
2.93,9.9,6,Argentina,171.32,96,1979,197,Pinot
3.23,9.5,5,Kazahstan,66.59,84,1974,197,Pinot
3.48,9,5,Kazahstan,53.53,6,2014,201,Pinot
3.14,9.5,5,Kazahstan,73.82,37,1968,196,Chardonnay
3.39,9.6,5,Kazahstan,63.11,19,1996,199,Chardonnay
2.93,9.9,6,Argentina,111.95,96,1976,197,Pinot
3.41,10.1,5,Kazahstan,52.69,85,1976,197,Shiraz
3.44,13.76,6,California,152.32,79,2008,200,Chardonnay
3.16,9.4,5,Kazahstan,72.22,64,1968,196,Merlot
3.36,9.1,5,Kazahstan,73.31,59,2014,201,Pinot
3.41,9.2,5,Kazahstan,69.27,95,2001,200,Shiraz
3.59,10,4,France,124,62,1963,196,Shiraz
3.38,10.1,5,Italy,121.81,23,1999,199,Merlot
3.52,10.7,6,Italy,139.97,19,2013,201,RIESLING
3.54,10.5,5,Italy,156.35,50,1962,196,Chardonnay
3.54,10.5,5,Kazahstan,56.86,36,1962,196,Chardonnay
3.28,9.6,5,Australia,118.09,66,1988,198,RIESLING
3.52,11,4,Argentina,95.47,95,1969,196,RIESLING
3.31,13.24,5,California,45.65,62,1978,197,Shiraz
3.32,9.5,5,Kazahstan,56.4,83,1985,198,Chardonnay
3.32,9.5,6,Italy,85.17,33,2011,201,Merlot
3.34,10.5,6,Kazahstan,72.92,65,1989,198,Pinot
3.28,13.12,5,California,98.33,46,2003,200,Chardonnay
3.31,10.1,6,France,18,9,1964,196,Shiraz
3.42,10.2,6,Italy,146.24,63,2007,200,RIESLING
3.44,10.7,5,France,34,17,2002,200,Merlot
3.42,9.6,5,Italy,181.22,61,2004,200,RIESLING
3.41,13.64,5,California,91.3,51,2013,201,Pinot
3.41,10.9,5,Kazahstan,64.75,74,1962,196,Shiraz
3.39,9.8,5,Australia,127.32,100,1966,196,Merlot
3.36,13.44,6,California,58.77,87,1996,199,Pinot
3.38,9.5,7,Argentina,154.46,39,1973,197,RIESLING
3.21,12.84,5,California,178.66,69,1968,196,RIESLING
3.44,9.2,5,Italy,172.43,55,1966,196,RIESLING
3.41,13.64,6,California,146.46,7,1966,196,Chardonnay
3.43,10,5,France,76,38,2003,200,Pinot
3.26,9.4,5,France,132,66,1961,196,Shiraz
3.04,9.6,5,Montenegro,111.11,13,1992,199,Merlot
3.17,10.2,6,Montenegro,465.8,99,1982,198,Shiraz
3.2,9.4,5,Italy,84.52,60,2002,200,Pinot
3.36,10.1,6,Argentina,73.75,12,2002,200,Chardonnay
3.4,9.4,6,Italy,64.6,0,1997,199,Shiraz
3.15,9.2,5,Argentina,110.4,99,1964,196,RIESLING
3.32,9.2,5,Australia,158.84,37,1998,199,RIESLING
3.34,9.2,5,Montenegro,125.7,54,2009,200,RIESLING
3.25,9.5,5,Australia,127.3,6,1992,199,Shiraz
3.25,9.2,5,Argentina,144.63,99,2008,200,RIESLING
3.51,11.3,6,Australia,19.44,94,1960,196,Pinot
3.66,10.1,4,Kazahstan,14.85,26,1999,199,Chardonnay
3.48,9.5,5,Argentina,86.91,98,1990,199,Pinot
3.3,10.3,5,France,34,17,1998,199,Chardonnay
3.21,10.5,6,Italy,79.75,55,1962,196,Shiraz
3.33,13.32,4,California,21.48,77,1984,198,Shiraz
3.33,10.5,5,France,84,42,2012,201,RIESLING
3.33,10.5,5,France,128,64,1993,199,Chardonnay
3.53,10.9,4,France,126,92,1987,198,Chardonnay
3.54,13.6,7,Australia,256.72,53,2000,200,RIESLING
3.42,10.8,6,Italy,102.65,43,1962,196,Pinot
3.4,9.6,6,Argentina,180.86,93,1988,198,Pinot
3.38,9.2,5,Kazahstan,61.52,77,1996,199,Merlot
3.45,9.4,6,Australia,182,50,1966,196,Chardonnay
3.17,9.8,5,Montenegro,120.32,26,1974,197,Pinot
3.46,10.6,6,Italy,181.91,100,1990,199,Chardonnay
3.35,10.1,5,Australia,60.67,86,2006,200,Pinot
3.38,9.8,6,Italy,123.1,99,1986,198,Chardonnay
3.47,9.4,5,Italy,78.69,9,1993,199,RIESLING
3.17,9.5,5,Argentina,119.15,67,1964,196,Chardonnay
3.28,9.5,5,Argentina,102.15,38,1998,199,Shiraz
3.58,12.5,6,Australia,189.99,72,1985,198,Merlot
3.34,9.3,5,Kazahstan,49.53,76,1970,197,RIESLING
3.43,9.7,6,Australia,113.07,95,1988,198,Merlot
3.17,12.68,5,California,123.01,33,2012,201,Shiraz
3.17,9.5,5,Argentina,133.08,86,1984,198,RIESLING
3.52,9.7,5,Montenegro,98.57,27,1991,199,Chardonnay
3.39,13.56,6,California,186.65,11,2006,200,RIESLING
3.39,9.05,4,Australia,34.7,89,2013,201,Shiraz
3.11,9.3,5,France,62,31,1999,199,RIESLING
3.3,10.5,7,Kazahstan,663.69,30,1970,197,RIESLING
3.17,12.68,5,California,194.97,14,1993,199,Merlot
3.29,11.6,7,Montenegro,83.71,49,1999,199,Shiraz
3.16,9.2,5,Australia,190,87,2005,200,RIESLING
3.26,9.1,5,France,174,88,1982,198,Pinot
3.58,9.9,5,France,94,47,1997,199,RIESLING
3.35,10.5,5,Kazahstan,60.75,98,1975,197,Pinot
3.28,13.12,5,California,103.96,55,1991,199,RIESLING
3.35,13.4,5,California,102.36,61,1976,197,Shiraz
3.36,9.5,7,Kazahstan,550.66,55,1967,196,Shiraz
3.42,10,7,Australia,295.58,59,1976,197,Pinot
3.3,9.4,5,Montenegro,117.93,10,2011,201,Shiraz
3.51,9.4,5,Italy,110.01,92,1989,198,RIESLING
3.16,9.8,6,Italy,141.72,13,2004,200,RIESLING
3.26,13.04,5,California,120.06,12,2011,201,Merlot
3.51,9.4,5,Argentina,129.58,25,2013,201,RIESLING
3.39,13.56,6,California,140.11,71,1984,198,Merlot
4,12.04,5,Montenegro,246.26,35,1996,199,Shiraz
4,12.18,6,Montenegro,296.96,28,1968,196,Merlot
4,14.37,5,Kazahstan,501.25,68,1982,198,RIESLING
4,14.7,6,France,20,73,1986,198,Shiraz
4,10.94,5,Montenegro,72.24,61,2010,201,Chardonnay
4,12.1,5,Montenegro,294.39,47,2004,200,Merlot
4,16,5,California,571.37,11,1994,199,Chardonnay
3.99,15.96,8,California,851.46,52,2008,200,Pinot
4,14.51,6,Argentina,12.2,27,1993,199,Shiraz
3.95,13.97,7,France,66,33,2002,200,Chardonnay
3.98,13.84,5,Australia,572.03,95,1968,196,Shiraz
3.96,15.84,6,California,645.4,59,1996,199,Merlot
4,11.82,5,Italy,82.05,65,1965,196,Merlot
4,8.56,6,Kazahstan,402.9,8,2013,201,RIESLING
3.91,10.91,7,France,178,89,1965,196,RIESLING
4,11.94,7,Italy,11.78,70,1969,196,Chardonnay
3.88,15.52,5,California,146.03,9,2009,200,RIESLING
4,12.93,7,France,150,75,2000,200,Shiraz
3.98,10.6,5,France,24,12,2014,201,Merlot
4,13.2,6,Australia,480.8,56,1969,196,Pinot
4,12.5,8,France,176,88,2010,201,Chardonnay
3.97,11.42,6,Argentina,528.75,35,1963,196,Pinot
4,16,7,California,12.43,80,1969,196,Chardonnay
4,16,7,California,100.5,64,1971,197,RIESLING
3.87,11.73,7,Italy,13.5,32,2007,200,Shiraz
4,16,6,California,622.76,40,2000,200,Chardonnay
4,14.19,7,France,92,46,2005,200,Pinot
4,13.23,5,Kazahstan,219.52,30,2013,201,Chardonnay
3.93,9.33,5,Australia,299.52,94,1985,198,Pinot
4,16,8,California,603.68,45,2004,200,Shiraz
3.99,15.96,5,California,369.14,91,1963,196,Pinot
4,10.78,5,Kazahstan,402.89,97,1986,198,Shiraz
3.88,11.49,6,Kazahstan,608.32,7,2009,200,Shiraz
4,12.43,8,Australia,573.74,63,1980,198,Shiraz
3.77,13.05,7,Italy,113.53,60,1981,198,Pinot
4,16,5,California,648.94,38,1963,196,RIESLING
3.93,11.35,7,Montenegro,765.56,24,1996,199,Merlot
4,13.62,6,Montenegro,86.62,1,2005,200,Chardonnay
4,14.4,6,Argentina,341.91,92,1987,198,Merlot
3.91,8.44,6,Australia,198.67,55,1973,197,RIESLING
4,9.59,6,Italy,691.3,33,1971,197,Merlot
3.87,11.57,6,Argentina,287.05,90,1995,199,Merlot
3.45,13.73,6,Montenegro,233,7,2013,201,Shiraz
4,13.5,5,Australia,611.92,58,2002,200,RIESLING
4,13.6,6,Montenegro,395.58,36,2011,201,Merlot
3.91,12.42,7,Montenegro,455.65,28,2013,201,Merlot
4,11.04,6,Italy,233.99,78,1995,199,Shiraz
4,11.77,5,Kazahstan,338.97,22,2002,200,Chardonnay
3.99,8.83,7,Kazahstan,566.45,33,2009,200,Shiraz
4,8.57,8,Argentina,909,29,1971,197,RIESLING
2.94,8.96,6,Italy,6.9,30,1993,199,Pinot
3.07,14.26,8,Italy,6.1,94,2001,200,Shiraz
3.17,13.61,6,Italy,24,98,2005,200,RIESLING
3.13,11.66,5,Italy,5.5,50,1976,197,RIESLING
3.1,9.63,5,Italy,13,40,2010,201,Pinot
3.05,13.48,5,Italy,19.5,45,1997,199,Pinot
3.27,13.36,4,Italy,8.5,45,1969,196,Shiraz
3.11,9.52,6,Italy,4.5,68,1993,199,Shiraz
3.12,14.46,8,Italy,9.1,7,1997,199,RIESLING
3.11,11.68,4,Italy,15.5,23,1962,196,Pinot
3.01,8.84,6,Italy,5.9,61,1966,196,Pinot
2.94,13.78,3,Italy,9.9,85,1970,197,Merlot
3.02,14.67,5,Italy,2,64,2009,200,Chardonnay
2.77,12.7,3,Italy,8,57,2007,200,RIESLING
2.85,9.18,7,Italy,7.3,74,2014,201,Chardonnay
2.94,9.88,6,Italy,5.3,69,1980,198,Merlot
3.18,10.35,8,Italy,12,5,1994,199,Chardonnay
3.23,10.58,8,Italy,8.6,20,1974,197,RIESLING
3.3,9.52,8,Italy,5.2,97,2007,200,Pinot
3.9,14,7,Italy,7.6,61,1966,196,Chardonnay
3.71,14.3,8,Montenegro,1,65,1968,196,Merlot
3.69,14.59,5,Montenegro,8.8,77,1982,198,RIESLING
3.42,14.05,4,Montenegro,21.5,77,1972,197,RIESLING
3.01,14.14,3,Montenegro,1,92,2000,200,Pinot
3.25,14.8,8,Montenegro,2,98,1992,199,Pinot
3.22,14.4,6,Montenegro,5.5,42,1978,197,Pinot
2.84,14.06,3,Montenegro,16,32,1980,198,Shiraz
3.52,14.23,5,Montenegro,1.5,65,1994,199,Merlot
3.58,14.51,7,Montenegro,7.5,59,2007,200,Pinot
3.61,14.01,8,Montenegro,15.5,98,1999,199,Chardonnay
3.35,14.61,6,Montenegro,2,66,2000,200,Pinot
2.82,14.03,6,Montenegro,14.5,65,1962,196,Pinot
3.81,14.63,3,Montenegro,6,30,2000,200,Shiraz
3.68,14.76,8,Montenegro,8.6,80,1994,199,RIESLING
2.95,14.02,8,Montenegro,9.1,77,2008,200,Pinot
3.08,14.83,7,Montenegro,9,46,1976,197,RIESLING
2.95,14.16,7,Montenegro,9.5,90,2007,200,Pinot
2.92,14.62,8,Montenegro,23.5,30,1997,199,Chardonnay
3.86,14.86,5,Montenegro,24,6,1965,196,Merlot
3.53,14.34,3,Montenegro,14,89,1997,199,Chardonnay
2.96,14.11,4,Montenegro,13,53,1969,196,Shiraz
3.56,14.41,7,Montenegro,5.9,28,1967,196,Chardonnay
2.82,14.76,7,Montenegro,7.1,86,1974,197,Merlot
3.43,14.6,5,Montenegro,6.3,20,2005,200,Pinot
3.65,14.18,3,Montenegro,9.7,100,1991,199,Chardonnay
3.05,14.77,4,Montenegro,16.5,63,1979,197,Pinot
3.66,14.71,8,Montenegro,18.5,77,1996,199,Shiraz
3.39,14.7,4,Montenegro,8.6,48,2007,200,RIESLING
3.03,14.22,7,Montenegro,14.5,5,1964,196,Merlot
3.32,14.87,6,Montenegro,8.3,72,1982,198,RIESLING
3.94,14.35,3,Montenegro,7.8,21,1993,199,Chardonnay
3.11,14.3,5,Montenegro,7.9,83,1986,198,Pinot
3.23,14.63,3,Montenegro,7.5,72,1966,196,Chardonnay
3.84,14.23,7,Montenegro,6.4,93,1985,198,Pinot
3.58,14.66,8,Montenegro,7,72,1974,197,Pinot
2.87,14.25,7,Montenegro,9.5,75,1988,198,Shiraz
2.86,14.63,5,Montenegro,9.5,99,1982,198,Shiraz
2.83,14.3,3,Montenegro,8.2,28,2012,201,Shiraz
3.34,14.89,7,Montenegro,11.48,8,2007,200,Pinot
2.87,14.83,8,Montenegro,4.5,25,1994,199,Pinot
3.71,14.38,5,Montenegro,6.3,23,1981,198,Pinot
3.41,14.26,6,Montenegro,5.6,35,2006,200,RIESLING
3.16,14.54,7,Montenegro,1.5,37,1991,199,Chardonnay
3.43,14.23,8,Montenegro,7,94,1988,198,RIESLING
3.54,14.36,6,Montenegro,2.5,87,1965,196,RIESLING
3.9,14.03,4,Montenegro,21.5,77,1985,198,Merlot
3.68,14.66,5,Montenegro,7.3,77,1990,199,RIESLING
3.07,14.75,3,Montenegro,17,83,1982,198,Chardonnay
3.34,14.49,8,Montenegro,9.8,80,1963,196,Pinot
3.15,14.36,3,Montenegro,8.3,65,1984,198,Chardonnay
3.08,14.73,4,Montenegro,6.5,25,2000,200,Chardonnay
3.8,14.09,8,Montenegro,6.7,25,1990,199,RIESLING
3.64,14.03,8,Montenegro,9.3,55,1972,197,Chardonnay
3.98,14.57,5,Montenegro,5.3,64,1963,196,Pinot
3.12,14.8,4,Montenegro,9.4,93,1999,199,Chardonnay
2.94,14.35,8,Montenegro,5.6,20,1990,199,Pinot
3.56,14.39,5,Montenegro,6,72,1985,198,Shiraz
3.46,14.86,3,Montenegro,20,64,1996,199,Shiraz
3.7,14.7,8,Montenegro,1.5,83,1966,196,Merlot
3.57,14.79,8,Montenegro,7.3,88,2013,201,Shiraz
2.82,14.76,3,Montenegro,16.5,14,1996,199,Chardonnay
3.25,14.21,7,Montenegro,7.5,50,2007,200,Pinot
2.8,14.25,4,Montenegro,8.8,84,2010,201,Shiraz
2.77,14.12,3,Montenegro,7.1,58,1994,199,Shiraz
3.55,14.75,8,Montenegro,7,32,1998,199,Merlot
3.72,14.27,3,Montenegro,6.9,92,1980,198,Pinot
3.91,14.11,7,Montenegro,23.5,54,1969,196,Chardonnay
3.48,14.55,4,Montenegro,8,86,2014,201,Pinot
3.76,14.09,7,Montenegro,0.5,71,1988,198,Pinot
2.76,14.5,8,Montenegro,12.5,96,1988,198,Pinot
3.58,14.08,3,Montenegro,7.1,98,1985,198,Merlot
3.41,14.7,5,Montenegro,9.7,13,1960,196,Pinot
3.25,14.3,4,Montenegro,9.5,88,1988,198,Shiraz
3.86,14.66,8,Montenegro,6,75,2000,200,RIESLING
3.75,14.59,7,Montenegro,17,50,1999,199,Pinot
2.74,14.5,4,Montenegro,5.8,20,1962,196,Merlot
3.23,14.87,6,Montenegro,8,89,2009,200,Chardonnay
3.19,14.83,7,Montenegro,8.2,52,1970,197,Shiraz
3.37,14.56,3,Montenegro,7.9,52,2009,200,Pinot
3.49,14.73,4,Montenegro,15.5,90,1969,196,Chardonnay
3.8,14.27,7,Montenegro,9.3,26,2002,200,Merlot
2.87,14.88,7,Montenegro,9.7,14,2007,200,Chardonnay
3.86,14.34,8,Montenegro,6,12,1970,197,Shiraz
3.91,14.24,8,Montenegro,17,25,1970,197,Shiraz
4.01,14.83,7,Montenegro,7.4,40,1976,197,Pinot
3.1,14.45,7,Montenegro,12.5,41,2006,200,RIESLING
3.99,14.05,6,Montenegro,22,20,1998,199,Chardonnay
2.89,14.02,6,Montenegro,10,71,2002,200,Shiraz
3.77,14.44,7,Montenegro,20,48,1967,196,Chardonnay
3.01,14.01,4,Montenegro,16,2,2010,201,Pinot
3.74,14.29,3,Montenegro,7.8,9,1993,199,Pinot
3.69,14.02,5,Montenegro,16.5,85,1996,199,Pinot
3.27,14.75,8,Montenegro,7.8,11,1995,199,Chardonnay
3.66,14.67,8,Montenegro,16.5,91,1999,199,Chardonnay
3.46,14.67,8,Montenegro,19.5,52,1980,198,RIESLING
3.92,14.44,3,Montenegro,6.9,87,1977,197,Shiraz
3.73,14.09,5,Montenegro,12,34,1990,199,Merlot
3.59,14.66,8,Montenegro,17,85,1977,197,Chardonnay
2.96,14.18,7,Montenegro,2.5,63,1992,199,RIESLING
3.58,14.42,3,Montenegro,7,29,1971,197,Shiraz
2.75,14.8,8,Montenegro,17,77,2001,200,RIESLING
3.85,14.55,7,Montenegro,7.9,48,2012,201,Merlot
2.88,14.56,8,Montenegro,10,16,2012,201,Merlot
3.41,14.76,4,Montenegro,24.5,59,2011,201,Chardonnay
3.36,14.66,6,Montenegro,5.4,90,1989,198,Pinot
3.48,14.4,7,Montenegro,7.2,86,2008,200,Merlot
3.35,14.5,4,Montenegro,7.2,60,2011,201,Shiraz
2.79,14.66,7,Montenegro,24.5,73,1968,196,Shiraz
3.14,14.17,3,Montenegro,18.5,0,1993,199,Merlot
3.92,14.38,6,Montenegro,6,51,1975,197,Shiraz
2.78,14.39,3,Montenegro,7,88,1997,199,Shiraz
2.85,14.85,3,Montenegro,16,92,1965,196,Chardonnay
3.74,14.44,4,Montenegro,5.3,89,1982,198,Shiraz
2.86,14.33,8,Montenegro,10,51,1981,198,Shiraz
3.95,14.46,3,Montenegro,9,92,2006,200,Pinot
3.88,14.52,8,Montenegro,7,72,1983,198,RIESLING
2.85,14.87,3,Montenegro,6.5,74,1977,197,Pinot
2.98,14.43,3,Montenegro,1,98,1989,198,Shiraz
2.99,14.32,6,Montenegro,8.8,1,1976,197,RIESLING
3.32,14.33,6,Montenegro,8.5,55,1968,196,Merlot
3.8,14.63,3,Montenegro,17.5,91,1981,198,Shiraz
3.76,14.22,4,Montenegro,20,96,2003,200,Shiraz
3.56,14.15,3,Montenegro,8,21,1974,197,Chardonnay
3.91,14.8,8,Montenegro,17,43,1991,199,Merlot
3.52,14.07,7,Montenegro,6.5,12,1971,197,Chardonnay
3.17,14.41,5,Montenegro,7.1,22,1961,196,Shiraz
3.74,14.28,5,Montenegro,16.5,86,1985,198,RIESLING
3.9,14.32,8,Montenegro,11.5,15,2006,200,RIESLING
3.92,14.1,3,Montenegro,9.3,86,1967,196,Pinot
3.02,14.44,6,Montenegro,6.5,43,1975,197,Chardonnay
3.74,14.9,6,Montenegro,21,30,1967,196,Shiraz
3.49,14.78,6,Montenegro,8.5,99,1963,196,Merlot
3.12,14.39,8,Montenegro,22.5,60,1969,196,Shiraz
2.79,14.19,7,Montenegro,12.5,81,2009,200,RIESLING
3.52,14.32,8,Montenegro,3,27,2013,201,Pinot
3.11,14.27,5,Montenegro,8.3,68,2010,201,Pinot
3.89,14.33,7,Montenegro,8.6,76,1985,198,Chardonnay
3.2,14.42,5,Montenegro,6.7,27,2007,200,RIESLING
3.05,14.83,5,Montenegro,12,41,1963,196,Merlot
2.85,14.12,4,Montenegro,23.5,67,1962,196,Pinot
3.72,14.02,7,Montenegro,7.5,44,1961,196,Pinot
3.04,14.32,7,Montenegro,7,98,2001,200,Pinot
2.84,14.15,5,Montenegro,0.5,10,1980,198,Pinot
3.94,14.81,8,Montenegro,8.4,49,2006,200,Pinot
2.99,14.51,5,Montenegro,17,31,1992,199,Merlot
3.1,14.56,6,Montenegro,8.3,55,2000,200,Shiraz
3.68,14.03,8,Montenegro,9.2,78,1983,198,Shiraz
3.21,14.44,8,Montenegro,23,86,1991,199,RIESLING
3.12,14.48,7,Montenegro,9.1,82,1985,198,Pinot
3.7,14.12,3,Montenegro,8.3,73,1973,197,Pinot
3.57,14.52,6,Montenegro,10.5,24,2005,200,Chardonnay
3.02,14.22,3,Montenegro,19,35,1996,199,RIESLING
3.92,14.54,8,Montenegro,6,84,1964,196,Pinot
3.98,14.12,5,Montenegro,4.5,55,2011,201,Shiraz
3.32,14.7,7,Montenegro,7,9,2013,201,Pinot
3.9,14.39,4,Montenegro,6.4,67,1992,199,Chardonnay
3.93,14.49,5,Montenegro,24.5,92,2002,200,Merlot
2.8,14.76,7,Montenegro,7,44,2004,200,RIESLING
2.83,14.1,6,Montenegro,6.4,65,1987,198,Merlot
3.28,14.49,3,Montenegro,20,84,1981,198,Merlot
3.84,14.8,7,Montenegro,6.5,42,1991,199,Pinot
3.52,14.25,8,Montenegro,14,10,2004,200,Merlot
2.88,14.33,6,Montenegro,8.5,68,1967,196,Pinot
3.92,14.64,6,Montenegro,24.5,58,1970,197,Merlot
3.17,14.64,3,Montenegro,7.5,95,2002,200,Pinot
3.24,14.8,6,Montenegro,16,80,1997,199,Chardonnay
3.36,14.82,4,Montenegro,23.5,87,1985,198,RIESLING
3.81,14.8,4,Montenegro,19,8,2010,201,Shiraz
3.99,14.06,6,Montenegro,6.4,26,1995,199,Pinot
3.44,14.66,4,Montenegro,5.4,44,1995,199,Chardonnay
3.8,14.84,8,Montenegro,5.4,25,1998,199,Pinot
3.75,14.07,4,Montenegro,2.5,47,2007,200,RIESLING
3.38,14.06,5,Montenegro,3.5,57,1978,197,Chardonnay
3.33,14.51,8,Montenegro,21.5,82,2000,200,RIESLING
3.99,14.59,6,Montenegro,5.1,90,2013,201,Chardonnay
3.7,14.44,4,Montenegro,15,98,2007,200,Chardonnay
3.41,14.87,5,Montenegro,20,34,2005,200,RIESLING
3.24,14.22,7,Montenegro,5.9,38,1980,198,Chardonnay
3.18,14.1,4,Montenegro,2,94,2004,200,Chardonnay
3.5,14.65,4,Montenegro,8,25,2006,200,RIESLING
2.75,8.68,8,Montenegro,7.7,38,2009,200,Pinot
3.25,14,3,Montenegro,14,77,1972,197,Merlot
3.77,10.56,3,Montenegro,23,90,1992,199,Shiraz
2.83,14,4,Montenegro,22.5,58,2001,200,Chardonnay
2.81,8.7,3,Montenegro,2,40,1996,199,Chardonnay
3.34,8.49,4,Montenegro,6.5,95,1983,198,Shiraz
3.48,14,6,Montenegro,8.6,85,1985,198,RIESLING
2.99,9.7,8,Montenegro,4.5,63,2007,200,Chardonnay
3.27,13.43,8,Montenegro,24.5,52,1965,196,RIESLING
3.44,9.25,8,Montenegro,8.7,70,1977,197,Merlot
3.66,10.78,5,Montenegro,15,67,2004,200,Shiraz
3.3,11.32,8,Montenegro,3,52,1991,199,Shiraz
3.78,11.76,5,Montenegro,7.4,62,1973,197,Chardonnay
2.81,9.77,8,Montenegro,9.6,84,1988,198,RIESLING
3.19,8.89,7,Montenegro,8,43,2012,201,Chardonnay
3.56,9.8,5,Montenegro,2.5,92,2009,200,Shiraz
3.98,14,4,Montenegro,7.6,28,2012,201,Merlot
3.78,13.14,3,Montenegro,17,8,1973,197,Pinot
2.89,10.84,7,Montenegro,8.2,27,1964,196,Chardonnay
3.81,9.95,8,Montenegro,8.1,44,1996,199,Shiraz
