key,ph,alcohol,quality,country,price,rate,year,decade,type
1,3.57,10.2,5,Italy,145.65,88,1982,198,RIESLING
2,3.2,9.8,5,Argentina,17.12,53,2000,200,Merlot
3,3.42,11,6,Kazahstan,63.31,8,2003,200,Shiraz
4,3.52,11.2,6,Argentina,89.87,82,2002,200,Merlot
5,3.45,10.5,5,Argentina,128.45,93,2007,200,Shiraz
6,3.51,9.4,5,Kazahstan,20.38,66,1973,197,Merlot
7,3.42,9.5,6,Italy,95.91,13,1992,199,Pinot
8,3.42,13.68,6,California,122.33,26,1980,198,RIESLING
9,3.67,11.6,6,Italy,69.56,40,1994,199,RIESLING
10,3.32,11.6,6,Kazahstan,55.92,19,1969,196,RIESLING
11,3.29,9.2,5,Italy,191.42,89,1980,198,Pinot
12,3.27,12.8,6,Argentina,155.21,39,1975,197,Pinot
13,3.55,10.9,6,Montenegro,154.54,84,1990,199,Merlot
14,3.34,11.4,6,Kazahstan,53.67,26,1977,197,Merlot
15,3.3,11.5,6,Montenegro,82.53,22,1991,199,RIESLING
16,3.33,13.32,5,California,33.78,95,2008,200,Pinot
17,3.57,11.9,5,Kazahstan,74.69,57,1962,196,Shiraz
18,3.54,11.3,5,Argentina,136.9,94,1986,198,RIESLING
19,3.36,11.9,6,Argentina,135.11,47,1979,197,Pinot
20,3.04,9.2,6,Argentina,19.36,5,2013,201,Shiraz
21,3.54,14.16,5,California,165.6,44,2002,200,RIESLING
22,3.42,11.3,6,Kazahstan,69.76,45,1991,199,RIESLING
23,3.54,11.9,6,Kazahstan,63.11,95,1986,198,Shiraz
24,3.3,10.8,6,Argentina,137.8,51,1994,199,Merlot
25,3.26,11.8,6,Montenegro,56.15,39,2013,201,Chardonnay
26,3.39,10.5,6,France,76,38,1971,197,RIESLING
27,3.33,9.5,5,Argentina,121.68,76,1987,198,Chardonnay
28,3.44,11.1,6,France,196,98,2014,201,Shiraz
29,3.37,12.4,6,Italy,117.48,88,2008,200,Chardonnay
30,3.48,11.5,6,Argentina,102.45,73,1985,198,Pinot
31,3.34,9.2,5,Montenegro,103.55,11,1996,199,Merlot
32,3.29,10.1,5,Argentina,157.33,37,1967,196,RIESLING
33,3.34,11.2,6,France,118,59,1977,197,Merlot
34,3.39,10.9,6,France,110,55,1969,196,Shiraz
35,3.29,13.16,5,California,49.51,9,1979,197,Shiraz
36,3.29,10.1,5,Montenegro,79.23,6,1997,199,Pinot
37,3.29,10.1,5,Argentina,68.9,69,1991,199,Chardonnay
38,3.21,9.9,5,Kazahstan,54.57,75,1981,198,Pinot
39,3.21,9.9,5,Argentina,54.81,79,1960,196,Pinot
40,3.21,9.9,5,Kazahstan,61.22,36,2007,200,Shiraz
41,3.22,9.5,5,Australia,112.86,84,1992,199,Pinot
42,3.54,11,6,Italy,196.02,21,2001,200,Chardonnay
43,3.53,9.9,5,Italy,132.51,67,1987,198,Pinot
44,3.44,10.55,7,Kazahstan,58.99,71,1986,198,Pinot
45,3.54,11,6,Italy,79.42,82,1986,198,Shiraz
46,3.41,13.64,5,California,131.51,84,1967,196,Pinot
47,3.44,9.4,5,Argentina,170.26,68,1970,197,Chardonnay
48,3.45,9.5,5,Kazahstan,69.28,22,1990,199,Pinot
49,3.24,11.4,8,France,162,81,1968,196,Shiraz
50,3.1,12.4,5,California,82.68,53,1997,199,Shiraz
51,3.55,14.2,5,California,76.73,78,1971,197,Merlot
52,3.36,10.2,5,France,168,84,2009,200,Shiraz
53,3.39,9.4,6,Montenegro,115.27,99,2004,200,Shiraz
54,3.17,11.2,7,France,98,49,2002,200,Merlot
55,3.25,10.4,6,Kazahstan,72.46,90,2013,201,Merlot
56,3.34,9.5,5,Argentina,101.15,44,1980,198,Merlot
57,3.3,10.75,6,Kazahstan,66.29,35,1962,196,Pinot
58,3.34,10.6,7,Italy,254.18,89,2006,200,Pinot
59,3.56,14.24,6,California,159.37,59,1973,197,Pinot
60,3.46,9.9,5,Argentina,117.18,39,1965,196,Pinot
61,3.57,12,5,Italy,111.69,17,1992,199,Shiraz
62,3.5,14,6,California,65.43,61,2000,200,RIESLING
63,3.6,10.3,6,Kazahstan,54.38,96,1983,198,Shiraz
64,3.42,13.68,7,California,71.93,26,1967,196,Chardonnay
65,3.39,9,5,Montenegro,84.94,46,1973,197,Shiraz
66,3.21,9.9,6,Kazahstan,47.83,19,2012,201,Shiraz
67,3.6,10.2,5,Australia,106.05,14,1960,196,Chardonnay
68,3.42,13.68,6,California,90.13,2,1971,197,RIESLING
69,3.29,10.8,6,Australia,142.88,42,1970,197,Chardonnay
70,3.3,13.2,6,California,58.84,30,1994,199,Shiraz
71,3.33,9.7,5,Italy,67.71,51,2005,200,RIESLING
72,3.39,10,6,Italy,91.41,51,2010,201,Shiraz
73,3.34,10.4,5,Montenegro,57.41,66,2006,200,Shiraz
74,3.42,10.6,5,Argentina,106.59,31,2003,200,RIESLING
75,3.38,9,4,Kazahstan,16.5,52,1974,197,Merlot
76,3.38,13.52,6,California,188.59,23,1973,197,Shiraz
77,3.44,10.2,5,Italy,109.43,29,1967,196,Shiraz
78,3.32,10.5,5,Montenegro,189.23,7,1980,198,RIESLING
79,3.38,10.3,6,Kazahstan,74.43,56,1972,197,Pinot
80,3.42,10.6,5,Italy,102.87,69,1963,196,Chardonnay
81,3.53,9.25,6,Montenegro,104.88,91,1970,197,Pinot
82,3.13,9.4,5,Montenegro,24.95,16,1969,196,Pinot
83,3.53,9.23,6,Italy,174.96,36,2002,200,Shiraz
84,3.33,10.5,6,France,0,0,2010,201,Pinot
85,3.53,10.4,6,France,170,85,1964,196,RIESLING
86,3.44,9.8,5,Kazahstan,45.45,34,1961,196,Chardonnay
87,3.47,9.7,6,France,90,45,1975,197,RIESLING
88,3.28,13.12,5,California,46.41,32,1995,199,Pinot
89,3.38,10.6,6,Australia,60.4,32,2002,200,Pinot
90,3.36,13.44,6,California,164.36,48,1969,196,Merlot
91,3.51,10.8,6,France,74,96,1985,198,Shiraz
92,3.55,9.95,3,Montenegro,184.28,53,1980,198,Shiraz
93,3.36,11.4,6,Australia,104.73,78,2002,200,Shiraz
94,3.51,11,6,Argentina,77.43,93,1987,198,RIESLING
95,3.31,9.8,5,Italy,154.89,92,2014,201,Pinot
96,3.16,9.4,5,Kazahstan,52.77,54,1992,199,Shiraz
97,3.26,9.6,5,Argentina,111.93,25,1966,196,Pinot
98,3.45,11.5,6,France,88,44,1973,197,Chardonnay
99,3.53,10.8,6,Montenegro,174.13,13,1994,199,Shiraz
100,3.3,9,6,France,24,12,1996,199,RIESLING
101,3.45,13.8,6,California,197.29,6,2005,200,Chardonnay
102,3.26,9.7,5,Italy,44.58,63,1978,197,RIESLING
103,3.35,10.6,6,Montenegro,165.58,3,1981,198,RIESLING
104,3.39,10,7,Australia,204.87,55,2007,200,Pinot
105,3.26,9.7,5,Australia,129.19,49,1960,196,Merlot
106,3.72,11.4,5,Argentina,140.76,55,1980,198,RIESLING
107,3.39,12.4,6,Italy,101.19,91,1987,198,Pinot
108,3.44,10.8,6,France,186,77,1989,198,RIESLING
109,3.72,11.4,5,Australia,140.15,43,1993,199,Chardonnay
110,3.52,10.6,5,Argentina,139.52,86,1995,199,Shiraz
111,3.38,10.3,5,Montenegro,153.86,97,2014,201,Merlot
112,3.37,9.7,5,Montenegro,63.89,28,2004,200,Pinot
113,3.5,9.8,4,France,112,56,2003,200,Shiraz
114,3.35,10.7,5,France,106,53,2011,201,Merlot
115,3.26,9.3,4,Argentina,99.54,14,1975,197,Shiraz
116,3.39,10.6,5,Australia,75.37,20,1978,197,Shiraz
117,3.9,13.1,4,Kazahstan,19.2,47,1998,199,Chardonnay
118,3.39,10.6,5,Argentina,195.71,47,1970,197,RIESLING
119,3.4,10.2,3,Argentina,106.93,16,2006,200,Chardonnay
120,3.23,9.7,7,Australia,188.46,38,1965,196,Pinot
121,3.16,8.8,5,Montenegro,108.89,58,2006,200,Chardonnay
122,3.2,10.8,7,Australia,286.13,10,1995,199,Chardonnay
123,3.49,9.2,5,Australia,110.41,33,1968,196,Pinot
124,3.16,8.8,5,Italy,146.63,87,1999,199,Shiraz
125,3.38,11,5,Argentina,74.55,96,1968,196,RIESLING
126,3.38,11.1,6,Montenegro,187.57,61,1994,199,RIESLING
127,2.88,9.7,5,Italy,82.49,26,1965,196,Chardonnay
128,3.31,13.24,3,California,178.43,78,1988,198,RIESLING
129,3.37,11.5,7,Italy,266.58,73,1989,198,Shiraz
130,3.31,9.2,4,Montenegro,94.24,90,2002,200,Pinot
131,3.3,10,7,Montenegro,162.87,65,1979,197,RIESLING
132,3.41,9.7,5,Australia,109.11,18,1978,197,RIESLING
133,3.63,13,5,Argentina,45.45,4,2009,200,Pinot
134,3.41,9.7,5,Italy,128.78,34,2003,200,RIESLING
135,3.34,10.8,6,Argentina,152.86,60,1977,197,Shiraz
136,3.16,9.1,4,Kazahstan,11.23,12,1992,199,Chardonnay
137,3.41,10.4,6,Italy,147.85,14,1960,196,Shiraz
138,3.31,10.5,7,Australia,194.13,96,2002,200,Shiraz
139,3.39,10.5,5,Australia,67.14,30,1976,197,Pinot
140,3.41,9,5,Kazahstan,54.55,30,1966,196,Pinot
141,3.3,10.55,6,Argentina,88.85,13,1964,196,Merlot
142,3.5,10.9,6,Kazahstan,60.73,89,2001,200,RIESLING
143,3.21,10.9,6,France,62,31,1995,199,Shiraz
144,3.41,13.64,5,California,121.15,44,1998,199,RIESLING
145,3.35,11.6,7,Montenegro,130.77,55,1971,197,Chardonnay
146,3.33,11,7,Argentina,78.33,38,2004,200,RIESLING
147,3.24,11.7,7,Italy,280.38,76,1982,198,Chardonnay
148,3.4,9.7,5,Montenegro,181.86,15,2009,200,Pinot
149,3.42,10.2,6,France,154,77,1969,196,Pinot
150,3.53,10.5,6,Montenegro,155.55,83,1960,196,Chardonnay
151,3.4,9.7,5,Montenegro,117.18,90,1988,198,RIESLING
152,3.4,9.8,5,Australia,132.81,47,1993,199,Pinot
153,3.16,9.6,6,Kazahstan,55.28,43,2000,200,Pinot
154,3.32,11.1,6,Italy,156.97,26,1960,196,Pinot
155,3.38,11.7,5,Argentina,105.87,23,2014,201,Merlot
156,3.42,10.5,5,Australia,120.25,17,1968,196,Merlot
157,3.4,9.8,5,Kazahstan,59.07,77,1998,199,Merlot
158,3.16,12.64,6,California,67.82,25,1967,196,Shiraz
159,3.23,11.3,7,France,126,63,2003,200,Pinot
160,3.32,11.07,6,Australia,84.05,32,2004,200,Shiraz
161,3.41,13.64,5,California,109.93,67,2010,201,Chardonnay
162,3.53,11.1,5,Australia,183.36,96,1973,197,Chardonnay
163,3.15,8.5,5,France,154,65,1984,198,Pinot
164,3.18,9,6,Australia,76.46,36,1974,197,Shiraz
165,3.18,9,6,Montenegro,70.92,34,1996,199,Shiraz
166,3.42,10.1,7,Kazahstan,70.06,20,1969,196,Merlot
167,3.48,11.7,6,Italy,105.64,79,1994,199,RIESLING
168,3.26,9.9,6,France,172,86,1964,196,RIESLING
169,3.33,11.3,5,Kazahstan,64.06,33,2014,201,Chardonnay
170,3.31,11,5,France,34,17,2000,200,Chardonnay
171,3.3,11.2,5,France,76,38,2009,200,Chardonnay
172,3.41,12.1,6,Australia,125.84,14,1967,196,Chardonnay
173,3.26,9.6,6,Australia,187.53,74,1986,198,Chardonnay
174,3.75,10.5,4,Montenegro,11.27,11,2006,200,Chardonnay
175,3.34,9.4,5,Kazahstan,55.34,14,1996,199,Shiraz
176,3.35,9.5,5,France,172,86,1979,197,Pinot
177,3.27,9.9,5,Australia,111.88,50,1997,199,Pinot
178,3.16,9.8,5,Kazahstan,56.03,55,1980,198,Merlot
179,3.35,13.4,7,California,99.25,62,1967,196,Shiraz
180,3.2,9.6,5,Argentina,146.17,71,1973,197,Merlot
181,3.56,9.4,5,Kazahstan,72.75,40,1997,199,RIESLING
182,3.2,12.8,5,California,110.85,82,2000,200,Chardonnay
183,3.44,9.3,5,Argentina,165.04,52,1963,196,Pinot
184,3.04,10.1,5,Kazahstan,69.89,37,1981,198,Merlot
185,3.22,12.88,6,California,121.54,94,1967,196,Shiraz
186,3.56,10.6,6,France,148,74,1981,198,Chardonnay
187,3.5,11.9,6,Australia,156.41,11,1999,199,RIESLING
188,3.54,10.7,6,Argentina,114.33,98,1998,199,Merlot
189,3.01,11.8,7,Italy,240.59,32,1992,199,Merlot
190,3.54,10.7,6,Australia,186.21,47,1964,196,Shiraz
191,3.28,11.8,7,Italy,244.04,55,2008,200,Chardonnay
192,3.43,13.72,6,California,176.42,48,1979,197,Chardonnay
193,3.23,10,8,Kazahstan,48.95,1,1995,199,RIESLING
194,3.44,11.9,6,Montenegro,106.07,9,2006,200,RIESLING
195,3.25,9.9,5,Montenegro,127.41,1,1992,199,Merlot
196,3.25,9.9,5,France,50,25,1966,196,Pinot
197,3.42,11.1,6,Italy,171.87,92,1965,196,Merlot
198,3.28,9.9,5,Australia,149.4,32,1976,197,Chardonnay
199,3.57,13,7,Argentina,208.35,44,2005,200,Pinot
200,3.31,9.55,5,Argentina,136.73,81,2008,200,Pinot
201,3.31,9.55,6,Kazahstan,66.08,51,2011,201,RIESLING
202,3.32,9.2,5,Italy,173.82,42,1967,196,Chardonnay
203,3.36,9.5,5,Montenegro,60.71,95,1969,196,Merlot
204,3.3,10.2,5,France,46,23,1966,196,RIESLING
205,3.17,9.8,5,Australia,96.55,64,1996,199,Merlot
206,3.58,12.5,6,Montenegro,88.08,43,1991,199,RIESLING
207,3.1,9.7,5,Kazahstan,51.28,23,1997,199,Merlot
208,3.35,10.3,5,Australia,106.71,50,1979,197,RIESLING
209,3.22,9.4,5,Australia,54.21,97,1985,198,Merlot
210,3.3,9.6,5,Montenegro,156.21,58,2010,201,Merlot
211,3.3,13.2,5,California,52.56,66,2014,201,Chardonnay
212,3.19,9.2,5,Kazahstan,68.08,8,1968,196,RIESLING
213,3.21,12.84,6,California,134.5,26,1996,199,RIESLING
214,3.19,9.5,5,Australia,103.07,61,1965,196,Chardonnay
215,3.3,9.9,5,Australia,104.94,44,1995,199,Chardonnay
216,3.3,9.9,5,France,64,32,1976,197,Chardonnay
217,3.38,9.6,5,France,198,99,2013,201,Merlot
218,3.36,10.8,6,Australia,144.79,75,1994,199,Shiraz
219,3.39,9.7,5,Argentina,134.3,93,1986,198,RIESLING
220,3.36,13.44,6,California,61.66,91,1984,198,Chardonnay
221,3.29,9.9,6,Argentina,53.61,39,1995,199,Shiraz
222,3.71,12.2,6,Kazahstan,66.58,85,1987,198,Chardonnay
223,3.42,13.68,5,California,103.04,89,2010,201,RIESLING
224,3.28,10,6,Australia,22.22,87,1985,198,Merlot
225,3.11,12.44,5,California,141.88,58,1962,196,RIESLING
226,3.32,9.8,3,Australia,109.61,56,1996,199,Chardonnay
227,3.24,9.3,5,Kazahstan,63.53,56,1993,199,RIESLING
228,3,9.2,5,Argentina,136.69,30,2010,201,Chardonnay
229,3.21,12.84,6,California,93.15,28,1993,199,Chardonnay
230,3,9.2,5,Italy,111.96,56,2003,200,RIESLING
231,2.74,9.4,4,Kazahstan,11.56,96,1992,199,RIESLING
232,3.27,9.8,6,Argentina,63.08,11,1970,197,Chardonnay
233,3.24,12.96,5,California,170.07,4,2003,200,Pinot
234,3.18,9.5,5,France,138,69,2001,200,Shiraz
235,3.32,9,6,Montenegro,123.37,40,1976,197,Pinot
236,3.46,11.8,6,Australia,115.9,96,1987,198,Merlot
237,3.07,10.03,6,Italy,52.38,68,1971,197,Merlot
238,3.36,10.1,5,Argentina,111.77,91,1988,198,Shiraz
239,3.37,9,6,Australia,133.82,88,2013,201,Shiraz
240,3.07,10.03,6,Kazahstan,66.38,82,1987,198,RIESLING
241,3.28,9.5,5,Australia,103.92,72,1972,197,Shiraz
242,3.14,10.9,6,Argentina,12.02,42,1977,197,Shiraz
243,3.08,9.8,6,Australia,52.9,1,2008,200,Pinot
244,3.6,11.1,6,Montenegro,140.04,36,1965,196,Shiraz
245,3.36,10.1,5,Kazahstan,56.57,18,1967,196,Merlot
246,3.36,10.1,5,Kazahstan,52,65,1974,197,Shiraz
247,3.35,10,5,Kazahstan,63.59,58,1992,199,Merlot
248,3.37,10.3,5,Argentina,123.86,81,2005,200,Shiraz
249,3.37,10.3,5,Argentina,122.86,54,1965,196,Pinot
250,3.32,11.8,6,Kazahstan,60.47,17,1981,198,Merlot
251,3.34,10,5,Australia,141.77,71,1982,198,RIESLING
252,3.34,9.5,5,Argentina,111.93,82,2009,200,Shiraz
253,3.34,9.5,5,France,36,69,1989,198,RIESLING
254,3.52,11.4,5,Australia,151.2,44,1995,199,Pinot
255,3.09,11,5,Kazahstan,50.35,83,1986,198,Merlot
256,3.36,13.44,6,California,123.61,64,1963,196,Pinot
257,3.37,10.4,6,Montenegro,54.57,94,1987,198,Chardonnay
258,3.36,10.5,6,Kazahstan,59.56,25,2014,201,RIESLING
259,3.36,9.5,5,Montenegro,63.39,89,1987,198,Chardonnay
260,3.36,9.5,5,Australia,118.17,45,1968,196,Chardonnay
261,3.38,12.6,6,France,72,36,1976,197,Merlot
262,3.17,9.2,4,Montenegro,54.31,17,1978,197,RIESLING
263,3.39,10,5,Montenegro,150.83,84,1981,198,Shiraz
264,3.18,9.6,5,Italy,173.02,89,1979,197,Pinot
265,3.09,9.7,6,Australia,177.63,60,2011,201,Pinot
266,3.26,9.2,5,France,38,19,1973,197,RIESLING
267,3.37,9,4,Italy,73.84,79,1975,197,Pinot
268,3.35,12.8,8,France,20,10,2013,201,RIESLING
269,3.29,9.8,6,Italy,118.17,34,2010,201,Chardonnay
270,3.34,9.3,5,France,8,4,1977,197,Pinot
271,3.39,10.6,6,Kazahstan,55.75,51,1971,197,Chardonnay
272,3.39,10.6,6,Kazahstan,50.64,10,2002,200,Pinot
273,3.39,10.6,6,Kazahstan,62.63,85,1988,198,RIESLING
274,3.39,10.6,6,Kazahstan,66.49,42,1999,199,Merlot
275,3.18,12.72,7,California,49.03,44,2000,200,Merlot
276,3.18,11.4,5,Kazahstan,47.32,29,1971,197,Merlot
277,4.01,16.04,6,California,78.61,89,1982,198,Chardonnay
278,3.26,10.1,5,Kazahstan,41.46,47,1994,199,Shiraz
279,2.9,9.1,6,Kazahstan,44.88,72,1997,199,RIESLING
280,3.26,9.8,6,Australia,191.69,67,1962,196,Chardonnay
281,3.18,11.9,6,France,26,13,1975,197,Merlot
282,4.01,12.5,6,France,34,17,1974,197,Shiraz
283,3.26,13.04,6,California,97.67,74,2002,200,Merlot
284,3.38,13.52,7,California,53.66,86,2011,201,Pinot
285,3.4,10.1,6,Kazahstan,71.88,71,1988,198,Chardonnay
286,3.4,10.1,6,Italy,146.39,37,1965,196,Chardonnay
287,3.34,10.5,5,Montenegro,46.2,87,1961,196,Chardonnay
288,3.33,12.8,6,Italy,138.66,36,1964,196,RIESLING
289,3.3,13.2,5,California,95.1,27,1962,196,Pinot
290,3.28,13.12,5,California,169.89,98,1987,198,RIESLING
291,3.29,13.16,5,California,60.45,70,1968,196,Chardonnay
292,3.36,9.1,4,Montenegro,119.64,100,1997,199,Shiraz
293,3.29,10.1,5,Australia,150.45,65,1996,199,Merlot
294,3.3,9.8,5,Kazahstan,75.46,71,1980,198,Pinot
295,3.05,12.2,6,California,111.41,37,2004,200,Chardonnay
296,3.12,9.2,5,Australia,87.17,47,1966,196,Pinot
297,3.3,11.2,6,Montenegro,75.36,82,1980,198,Chardonnay
298,3.6,11.7,6,Argentina,191.42,98,2003,200,Shiraz
299,3.78,12.5,6,Italy,189.88,64,1973,197,RIESLING
300,3.5,10.9,3,Italy,85.52,11,1990,199,Shiraz
301,3.45,13.8,6,California,151.87,80,1968,196,Shiraz
302,3.35,13.4,6,California,113.33,0,1971,197,Pinot
303,3.2,9.5,5,France,94,47,2001,200,Chardonnay
304,3.2,9.5,5,Montenegro,187.17,53,2005,200,RIESLING
305,3.29,10.9,6,Kazahstan,55.96,14,1980,198,Shiraz
306,3.62,12.4,6,Argentina,149.33,99,1989,198,Pinot
307,3.29,13.16,6,California,162.88,74,1987,198,Pinot
308,3.36,11,5,France,58,29,1971,197,Merlot
309,3.3,10.2,5,Montenegro,71.08,68,2010,201,Chardonnay
310,3.22,13,5,Australia,59.22,68,1972,197,Merlot
311,3.35,12.4,6,Montenegro,69.15,44,2011,201,Pinot
312,3.15,10.5,5,Australia,106.87,32,1992,199,Chardonnay
313,3.39,10.9,5,Italy,141.09,72,2000,200,Pinot
314,3.26,10.2,6,Kazahstan,68.58,99,1972,197,Merlot
315,3.33,10.9,6,France,190,95,2002,200,RIESLING
316,3.37,10.4,6,France,70,35,1994,199,RIESLING
317,3.37,10.4,6,Argentina,148.97,54,2010,201,Merlot
318,3.14,11.5,7,Montenegro,163.18,18,2006,200,Pinot
319,3.24,9.5,6,France,42,21,1981,198,Chardonnay
320,3.35,13.4,6,California,192.02,27,2000,200,Shiraz
321,3.51,11.4,4,Montenegro,15.49,8,2014,201,Merlot
322,3.24,9.5,6,France,192,65,1983,198,Merlot
323,3.24,11.2,6,Italy,114.17,54,1965,196,Shiraz
324,3.1,9.3,5,Montenegro,158.04,78,1993,199,Merlot
325,3.5,11.2,5,France,112,56,1994,199,Chardonnay
326,3.7,14,6,Australia,145.45,18,1979,197,Pinot
327,3.52,12.3,7,Italy,333.94,69,2004,200,Shiraz
328,3.5,14,8,Australia,158.8,77,1981,198,Pinot
329,3.47,9.5,6,France,40,20,1994,199,Merlot
330,3.1,11.4,6,Italy,144.24,74,1985,198,Pinot
331,3.38,13.52,6,California,142.25,99,1995,199,Merlot
332,3.31,10.4,4,France,198,99,1969,196,Shiraz
333,3.15,12.6,5,California,68.64,97,1985,198,Merlot
334,3.29,9.8,4,Argentina,79.65,65,1972,197,RIESLING
335,3.02,12.08,5,California,180.84,88,1984,198,Chardonnay
336,3.44,11.3,6,Montenegro,87.51,87,2009,200,Pinot
337,3.44,11.3,6,Kazahstan,65.84,65,2012,201,Chardonnay
338,3.32,11,6,Argentina,150.41,76,1985,198,Chardonnay
339,3.47,11,5,France,88,44,1980,198,Shiraz
340,3.4,13.6,5,California,51.4,69,1968,196,Pinot
341,3.12,9.2,6,Kazahstan,15.08,98,2012,201,Merlot
342,3.43,9.5,5,Montenegro,181.67,32,1967,196,Chardonnay
343,3.28,9.8,5,Australia,135.55,84,1984,198,Shiraz
344,3.4,13.6,6,California,165.09,78,1983,198,Chardonnay
345,3.4,10.9,6,Argentina,72.48,62,2010,201,Chardonnay
346,3.41,11.1,6,Argentina,58.05,67,1986,198,Chardonnay
347,3.49,10.5,5,France,74,37,1974,197,RIESLING
348,3.12,10,5,Montenegro,190.96,46,1974,197,Shiraz
349,3.49,10.5,5,France,98,49,2003,200,RIESLING
350,3.33,10.3,6,Australia,57.24,77,2004,200,RIESLING
351,3.37,9.5,5,Kazahstan,42.55,52,1996,199,Chardonnay
352,3.22,12.2,6,Italy,138.14,83,1982,198,Chardonnay
353,3.1,9.3,5,Australia,100.31,42,1973,197,Chardonnay
354,3.18,13,5,Argentina,64.94,30,1970,197,Shiraz
355,3.34,9.7,4,Argentina,44.61,38,1990,199,Shiraz
356,3.05,12.2,4,California,78.48,55,1996,199,Shiraz
357,3.39,12.8,6,Montenegro,106.45,4,1978,197,Pinot
358,3.26,9.4,6,France,98,49,1961,196,Shiraz
359,3.62,11.5,4,Montenegro,105.42,2,1979,197,Shiraz
360,3.17,9.8,6,France,196,98,2004,200,Merlot
361,3.39,12.8,6,Montenegro,105.44,79,1988,198,RIESLING
362,3.3,9.6,4,Montenegro,19.23,11,2012,201,Shiraz
363,3.4,9.5,5,Kazahstan,61.44,67,1992,199,Shiraz
364,3.38,10.8,5,Kazahstan,65.29,65,2008,200,Chardonnay
365,3.4,13.6,5,California,71.29,27,2001,200,Shiraz
366,3.26,11.8,6,Argentina,35.43,33,1979,197,Pinot
367,3.68,13.6,7,Argentina,89.36,4,1990,199,Chardonnay
368,3.16,9,5,Australia,84.46,80,1969,196,RIESLING
369,3.27,9.6,5,Argentina,148.88,98,1982,198,Shiraz
370,3.02,12.08,5,California,197.1,15,1979,197,Chardonnay
371,3.15,9.4,5,Montenegro,131.69,87,2012,201,Chardonnay
372,3.07,10.3,6,Italy,105.19,31,1974,197,Chardonnay
373,3.23,12,6,Montenegro,183.81,5,1978,197,Merlot
374,3.26,9.6,6,Montenegro,199.28,100,1988,198,RIESLING
375,3.28,11.5,6,Argentina,101.51,94,1990,199,Merlot
376,3.28,11.5,6,Montenegro,112.48,26,1973,197,RIESLING
377,3.2,10.9,6,Montenegro,79.84,87,2005,200,Chardonnay
378,3.24,10.6,6,Montenegro,73.62,99,1984,198,RIESLING
379,3.23,12,6,Argentina,156.22,2,2009,200,RIESLING
380,3.29,9.5,6,Montenegro,164.21,92,2014,201,Merlot
381,3.26,11.3,6,Australia,146.31,93,1983,198,Pinot
382,3.1,10.4,6,Italy,121.17,73,1990,199,Chardonnay
383,3.15,12.6,6,California,79.3,5,1980,198,Pinot
384,3.21,9.4,6,Argentina,191.85,27,2004,200,Merlot
385,3.35,10.4,6,Argentina,95.11,18,1963,196,Merlot
386,3.32,9.3,5,Kazahstan,67.61,97,1971,197,Merlot
387,3.35,10.4,6,Argentina,158.58,88,1960,196,Chardonnay
388,3.31,13.24,6,California,19.89,90,1984,198,Pinot
389,3.45,13.8,7,California,141.19,46,1978,197,Merlot
390,3.4,13.6,7,California,186.54,70,1986,198,Shiraz
391,3.35,10,5,Australia,180.2,19,2011,201,Shiraz
392,3.07,9.2,7,Australia,290.7,50,1971,197,Merlot
393,3.4,13.6,7,California,134.62,84,1990,199,Chardonnay
394,3.34,10.6,7,Australia,230.08,77,1980,198,Chardonnay
395,3.14,9.4,5,Italy,122.48,86,1973,197,Pinot
396,3.35,11.7,8,Kazahstan,72.27,47,2012,201,RIESLING
397,3.27,11.2,7,Montenegro,186.7,35,1995,199,Pinot
398,3.16,12.64,6,California,129.5,85,1987,198,Shiraz
399,3.21,12.84,6,California,110.43,88,1996,199,Pinot
400,3.15,10.9,6,Italy,172.39,42,2001,200,RIESLING
401,3.47,13.88,5,California,54.6,93,1972,197,Shiraz
402,3.16,9.8,6,Italy,120.39,63,2009,200,RIESLING
403,3.1,12.4,6,California,39,8,1978,197,Chardonnay
404,3.15,10.5,6,Montenegro,175.89,17,2012,201,Shiraz
405,3.21,9.5,6,Kazahstan,64.38,46,2012,201,Pinot
406,3.52,9.5,6,Italy,137.61,26,1991,199,RIESLING
407,3.22,9.5,6,Italy,107.2,32,2004,200,Pinot
408,3.56,10.8,5,Kazahstan,54.66,77,1985,198,Pinot
409,3.52,12.4,7,Montenegro,72.99,66,2006,200,RIESLING
410,3.56,10.8,5,Italy,110.11,98,2010,201,Chardonnay
411,3.28,13.12,6,California,99.91,65,1991,199,RIESLING
412,3.34,10,4,Argentina,6.2,34,1978,197,Pinot
413,3.36,10.9,5,France,26,13,1975,197,Chardonnay
414,3.33,11.9,6,Italy,100.7,61,2004,200,Pinot
415,3.52,12.2,5,Australia,87.49,87,1997,199,RIESLING
416,3.33,11.9,6,Montenegro,51.42,75,1974,197,Shiraz
417,3.36,10.9,5,France,172,99,1986,198,Pinot
418,3.29,13.16,5,California,100.73,90,1973,197,RIESLING
419,3.27,11,6,Montenegro,141.58,75,1989,198,Pinot
420,3.27,11,6,Italy,55.33,96,1986,198,Pinot
421,3.68,11.4,5,Kazahstan,47.34,67,1994,199,Merlot
422,3.52,12.3,7,France,144,70,1985,198,Pinot
423,3.35,12.7,7,Argentina,92.63,39,2010,201,Pinot
424,3.26,10,4,Italy,68.43,9,1967,196,Shiraz
425,3.61,11.5,6,Australia,50.06,98,1985,198,RIESLING
426,3.46,9.5,6,Argentina,97.82,46,1992,199,RIESLING
427,3.46,13.84,6,California,55.22,84,1963,196,RIESLING
428,3.26,10.6,6,Argentina,15.42,88,1988,198,Chardonnay
429,3.27,12.3,6,Argentina,150.33,50,2000,200,RIESLING
430,3.42,10.8,6,Argentina,68.95,31,1965,196,Merlot
431,3.2,12.8,6,California,141.22,87,1973,197,Pinot
432,3.32,13.28,6,California,126.15,98,1969,196,RIESLING
433,3.21,12.84,6,California,116.27,75,1987,198,Merlot
434,3.32,12.4,7,Kazahstan,72.76,77,1967,196,Pinot
435,2.94,10.2,5,Italy,56.07,2,2007,200,Chardonnay
436,3.01,9.4,5,France,100,50,1990,199,Pinot
437,3.29,10,5,France,96,48,1977,197,RIESLING
438,3.29,10,5,Montenegro,90.58,57,1990,199,Pinot
439,3.58,12.3,7,Australia,201.8,98,2000,200,RIESLING
440,3.21,10.2,6,France,60,30,1965,196,Pinot
441,3.15,10.4,7,Australia,177.24,19,1965,196,Chardonnay
442,3.06,11.3,6,Montenegro,28.19,70,1983,198,RIESLING
443,3.07,10,7,Australia,284.79,63,2004,200,Merlot
444,3.16,10.8,5,France,158,79,1981,198,Shiraz
445,3.42,13.68,6,California,109.23,87,1961,196,Chardonnay
446,3.2,12,7,Australia,282.16,58,2014,201,Pinot
447,3.32,13.4,7,Italy,234.11,68,1988,198,Merlot
448,3.15,9.8,5,Argentina,189.09,65,1963,196,Shiraz
449,3.2,12.8,6,California,61.11,40,1995,199,Merlot
450,3.59,11.4,6,France,30,90,1988,198,Pinot
451,3.23,11.1,6,Argentina,64.99,1,1992,199,Shiraz
452,3.15,9.8,5,Australia,104.75,6,1992,199,Merlot
453,3.46,12.5,6,Australia,107.45,47,1992,199,Pinot
454,3.3,12.8,7,Montenegro,126,94,2014,201,Pinot
455,3.39,13.56,6,California,114.73,18,1978,197,Chardonnay
456,3.26,11.2,7,Australia,167.34,31,1960,196,Shiraz
457,3.53,10.4,6,Montenegro,67.54,90,1982,198,Chardonnay
458,3.28,13.12,5,California,49.43,82,2009,200,Pinot
459,3.43,10.1,5,France,20,83,1985,198,Pinot
460,3.3,11.4,6,France,36,18,1963,196,Merlot
461,3.27,11,6,Italy,109.44,96,1969,196,Merlot
462,3.34,13.36,6,California,122.68,15,1972,197,Pinot
463,3.14,9.1,5,Kazahstan,62.33,7,2000,200,Chardonnay
464,3.22,11.4,6,Kazahstan,49.05,85,1981,198,Shiraz
465,3.38,11.9,6,Kazahstan,65.23,74,1989,198,RIESLING
466,3.14,11.3,7,Australia,270,43,1996,199,Merlot
467,3.37,11.2,7,Montenegro,177.48,99,1993,199,Pinot
468,3.32,13.28,6,California,159.49,7,1976,197,Merlot
469,3.38,13.6,7,Kazahstan,76.7,96,1988,198,Shiraz
470,3.32,13.28,5,California,110.53,60,2004,200,Chardonnay
471,3.18,10.4,6,Argentina,120.95,50,1972,197,Pinot
472,3.21,10.5,6,Australia,132.38,96,2003,200,Merlot
473,3.22,10,5,France,130,84,1987,198,Shiraz
474,3.51,14.04,6,California,175.02,12,1978,197,Chardonnay
475,3.39,13.5,6,Italy,80.71,11,2008,200,Chardonnay
476,3.12,11.2,6,Argentina,158.24,65,2008,200,Pinot
477,3.45,12.3,6,Argentina,170.42,34,2003,200,Merlot
478,3.44,12.3,6,Australia,99.12,24,2001,200,RIESLING
479,3.14,10.2,5,Argentina,19.61,28,1979,197,RIESLING
480,3.2,13.1,8,Montenegro,112.41,91,1985,198,Shiraz
481,3.52,12.9,5,Australia,148.1,32,1967,196,Chardonnay
482,3.15,11.7,8,Montenegro,121.47,55,1967,196,RIESLING
483,3.04,9.4,5,Montenegro,192.63,56,2014,201,Merlot
484,3.3,13.3,6,France,26,13,1995,199,Pinot
485,3.38,11.3,6,Australia,152.27,12,2008,200,Shiraz
486,3.38,13.52,6,California,173.87,16,2010,201,Shiraz
487,3.17,10,5,Kazahstan,34.48,75,2002,200,Shiraz
488,3.38,13.52,6,California,85.9,18,1992,199,Chardonnay
489,3.49,13.6,6,Montenegro,62.89,58,2004,200,Chardonnay
490,3.12,9.5,6,Kazahstan,43.83,71,2013,201,Pinot
491,3.29,11,6,Australia,147.3,57,2000,200,Merlot
492,3.78,15.12,7,California,108.14,81,1984,198,Chardonnay
493,3.25,10,6,Montenegro,154.27,41,1991,199,RIESLING
494,3.17,12.68,6,California,129.29,71,1989,198,RIESLING
495,3.27,11.7,7,Montenegro,148.65,64,1967,196,Chardonnay
496,3.21,12.3,6,Montenegro,197.4,88,1983,198,Pinot
497,3.43,13.72,6,California,53.43,44,1963,196,RIESLING
498,3.41,13.64,5,California,112.33,86,1983,198,Shiraz
499,3.15,11,8,France,196,98,1990,199,Chardonnay
500,3.28,12.4,6,Montenegro,172.83,97,1988,198,Merlot
501,3.35,12,6,Italy,194.6,99,2013,201,RIESLING
502,3.35,12,6,Australia,109.96,28,1992,199,RIESLING
503,3.11,12.4,6,Montenegro,110.53,79,2011,201,Shiraz
504,3.2,9.4,5,France,186,93,2014,201,Chardonnay
505,3.15,12.5,7,Argentina,134.34,49,1974,197,Chardonnay
506,3.16,12.5,7,Montenegro,101.6,71,1996,199,Chardonnay
507,3.2,9.4,5,Australia,112.29,66,1984,198,Pinot
508,3.35,10.8,6,France,134,67,1972,197,RIESLING
509,3.15,10.5,5,Argentina,188.35,29,1991,199,Merlot
510,3.35,13.4,6,California,123.87,71,1994,199,Merlot
511,3.33,12,7,Argentina,162.45,60,1971,197,RIESLING
512,3.43,11.5,6,Australia,170.85,5,1976,197,Shiraz
513,3.35,11.4,6,France,0,0,1974,197,Shiraz
514,2.98,11.8,8,Argentina,116.98,58,1997,199,Merlot
515,3.02,9.9,7,Montenegro,125.88,35,2013,201,Chardonnay
516,3.29,11.2,6,Argentina,152.94,79,2008,200,Chardonnay
517,3.17,12,7,Australia,254.14,29,1971,197,RIESLING
518,3.12,9.6,5,Argentina,154.74,48,2005,200,RIESLING
519,3.42,9.5,6,France,80,40,2014,201,Merlot
520,3.33,13.32,6,California,78.73,13,1978,197,Chardonnay
521,3.42,9.5,6,France,122,61,1992,199,RIESLING
522,3.33,11.2,7,Australia,217.19,73,1995,199,Pinot
523,3.16,11.8,6,Kazahstan,63.62,16,1980,198,Chardonnay
524,3.01,12.3,7,France,70,74,1984,198,RIESLING
525,3.23,9.5,5,Montenegro,134.12,95,1961,196,RIESLING
526,3.27,11,5,Italy,159.05,41,1998,199,Shiraz
527,3.27,11,5,Kazahstan,64.35,42,2005,200,Pinot
528,3.44,10.2,7,France,48,24,1967,196,RIESLING
529,3.2,9.2,5,France,88,44,1964,196,Pinot
530,3.09,9.4,5,France,162,81,1981,198,Merlot
531,3.31,10.7,6,Montenegro,130.63,29,1995,199,Chardonnay
532,3.4,9.5,6,France,162,81,2010,201,Merlot
533,3.2,9.2,5,Argentina,119.04,9,2006,200,RIESLING
534,3.18,12.72,7,California,101.11,87,1995,199,Shiraz
535,3.31,10.8,5,Kazahstan,57.17,78,1998,199,Merlot
536,3.21,10.8,7,Italy,370.54,27,1965,196,Chardonnay
537,3.29,10.2,6,Australia,50.46,85,1988,198,RIESLING
538,3.28,11.8,6,France,160,80,1997,199,Shiraz
539,3.22,11.8,6,Kazahstan,63.36,80,1966,196,Merlot
540,3.3,11.4,6,Kazahstan,56.02,29,1973,197,Merlot
541,3.21,12.5,8,France,82,41,1974,197,Pinot
542,3.14,9.9,6,Kazahstan,72.25,96,1986,198,Merlot
543,3.21,12.1,7,France,152,76,1990,199,Shiraz
544,3.19,11.6,7,France,28,14,2006,200,Shiraz
545,2.86,8.4,6,France,56,28,2009,200,Merlot
546,3.15,9.1,5,Kazahstan,50.86,68,1985,198,Pinot
547,3.21,12.1,7,France,150,75,1967,196,Merlot
548,3.13,9.1,6,Italy,45.52,48,1993,199,Shiraz
549,3.13,9.1,6,Argentina,125.16,14,1993,199,Merlot
550,3.38,12.7,7,Argentina,133.57,56,1971,197,RIESLING
551,3.33,9.5,6,Argentina,31.77,36,2005,200,Shiraz
552,3.56,12.9,5,Argentina,103.44,12,1969,196,Merlot
553,3.03,9.2,5,Argentina,147.38,33,1978,197,Pinot
554,3.49,10.4,5,Australia,158.19,86,1975,197,Shiraz
555,3.27,10.8,6,Italy,134.13,59,1964,196,Shiraz
556,3.49,10.4,5,Italy,113.7,57,2000,200,RIESLING
557,3.31,13.24,6,California,164.38,19,1967,196,Merlot
558,3.32,13.28,6,California,67.28,74,1980,198,Pinot
559,3.36,12.2,6,Argentina,107.81,74,2011,201,Pinot
560,3.29,10.9,7,Argentina,65.64,51,2004,200,Chardonnay
561,3.33,11.1,6,Kazahstan,58.22,40,1998,199,RIESLING
562,3.38,9.8,6,Australia,70.91,59,2003,200,RIESLING
563,3.58,10.2,5,Australia,125.59,35,1977,197,Chardonnay
564,3.33,11.1,6,Australia,161.81,89,1979,197,RIESLING
565,3.24,12.6,7,Montenegro,198.39,23,2014,201,RIESLING
566,3.35,9.2,5,Argentina,122.45,97,2001,200,Pinot
567,3.22,12.5,7,Argentina,72.64,23,1970,197,Chardonnay
568,3.17,10.6,7,Kazahstan,54.46,99,1997,199,Shiraz
569,3.2,9.7,6,Kazahstan,66.57,93,1998,199,Merlot
570,3.3,10.4,6,Kazahstan,66.07,54,1970,197,Merlot
571,3.36,9.6,5,Argentina,75.72,99,1988,198,RIESLING
572,3.35,11,7,Montenegro,69.34,24,1991,199,Pinot
573,3.24,12.1,7,Australia,280.59,66,1980,198,Merlot
574,3.37,10.1,6,Montenegro,160.82,58,1999,199,Merlot
575,3.49,11.6,5,Kazahstan,48.26,87,1969,196,Pinot
576,3.41,13.64,6,California,111.62,30,2012,201,RIESLING
577,3.33,10.4,6,Italy,87.82,33,1968,196,Pinot
578,3.32,10.5,7,Montenegro,96.83,70,1988,198,RIESLING
579,3.27,12.3,6,Australia,110.18,80,1980,198,Merlot
580,3.35,10.5,5,Montenegro,130.44,28,1962,196,Pinot
581,3.2,11.9,6,Argentina,69.97,68,2008,200,Pinot
582,3.19,9.6,5,Kazahstan,50.79,79,1992,199,Pinot
583,3.2,11.9,6,Italy,100.37,75,1965,196,Pinot
584,3.53,10.4,5,Montenegro,89.05,90,1986,198,Pinot
585,2.89,12.7,6,Italy,159.73,47,2003,200,Shiraz
586,2.89,12.7,6,France,88,84,1983,198,RIESLING
587,3.27,12.6,7,Kazahstan,69.77,42,1972,197,Shiraz
588,3.06,11.4,6,Italy,188.92,30,1974,197,Pinot
589,3.22,11.2,6,Australia,104.97,79,2000,200,RIESLING
590,3.38,10,6,France,104,52,1965,196,Merlot
591,3.23,12.92,5,California,176.58,52,1962,196,Shiraz
592,3.18,10.9,5,Argentina,195.1,28,1974,197,Chardonnay
593,3.09,11.8,7,Italy,334.71,2,2014,201,Chardonnay
594,3.58,10.8,7,Australia,226.27,76,1997,199,RIESLING
595,3.26,11.7,7,Argentina,75.25,86,2014,201,Merlot
596,3.02,9.9,7,Italy,276.95,32,2005,200,RIESLING
597,3.25,10.3,5,Australia,181.44,45,1965,196,Chardonnay
598,3.02,10.9,7,Italy,232.67,65,1986,198,Merlot
599,3.26,10.6,7,Montenegro,113.66,92,1966,196,Chardonnay
600,3.44,11.5,7,Kazahstan,62.53,65,1971,197,RIESLING
601,3.47,12.9,6,France,160,93,1989,198,Merlot
602,3.12,9.1,6,Kazahstan,46.94,73,1990,199,Shiraz
603,3.71,12.8,7,Argentina,117.81,57,2003,200,Chardonnay
604,3.25,12.3,7,Italy,207.98,37,1962,196,Pinot
605,3.39,10.1,6,Italy,46.66,79,1966,196,Merlot
606,3.15,9.4,5,Argentina,145.22,25,1972,197,Pinot
607,3.45,13.8,5,California,110.29,23,2003,200,RIESLING
608,3.36,9.4,6,France,98,93,1982,198,Shiraz
609,3.45,9.4,5,Italy,78.85,68,2011,201,Shiraz
610,3.16,9.4,5,Montenegro,139.4,85,1983,198,Merlot
611,3.14,10.9,6,Australia,112.15,43,1964,196,Pinot
612,3.16,9.4,5,Argentina,64.55,34,2010,201,Shiraz
613,3.44,9.4,5,Italy,80.1,41,2001,200,Merlot
614,3.3,12,7,Italy,351.37,91,1989,198,Shiraz
615,3.45,11.3,6,Kazahstan,73.87,85,2005,200,Pinot
616,3.13,10.4,5,France,148,74,2002,200,Chardonnay
617,3.32,10.5,6,Argentina,173.8,94,1987,198,Shiraz
618,3.34,12.9,6,Italy,178.29,30,1973,197,RIESLING
619,3.25,10,5,Italy,150.92,82,1984,198,Chardonnay
620,3.32,10.5,6,Kazahstan,61.63,70,1981,198,RIESLING
621,3.13,10.4,5,Montenegro,127.82,6,1991,199,Chardonnay
622,3.28,11.3,7,Kazahstan,60.97,59,1972,197,Merlot
623,3.44,9.4,5,Argentina,107.71,55,1975,197,RIESLING
624,3.44,9.4,5,Australia,179.36,7,2005,200,Pinot
625,3.3,12.1,7,Montenegro,55.3,3,1965,196,RIESLING
626,3.52,10.7,5,Australia,179.05,78,1961,196,Chardonnay
627,3.22,11.6,7,Argentina,111.93,12,1970,197,Merlot
628,3.33,13.32,6,California,75.28,11,1994,199,RIESLING
629,3.27,9.3,6,Montenegro,76.73,20,2006,200,Pinot
630,3.46,10.2,5,France,192,96,1969,196,Merlot
631,3.2,12.2,6,Australia,188.12,2,1975,197,Shiraz
632,3.13,9.2,5,Italy,116.34,18,1960,196,Merlot
633,3.13,11.9,7,Montenegro,85.6,87,1967,196,Chardonnay
634,3.34,11,6,Australia,196.98,13,2010,201,Pinot
635,3.16,11.1,6,France,36,18,2000,200,Pinot
636,3.27,9.7,5,Kazahstan,53.05,72,2010,201,Chardonnay
637,3.15,11.2,6,Italy,174.34,14,1968,196,Pinot
638,3.38,9.5,5,Italy,128.08,20,1993,199,RIESLING
639,3.35,10.2,7,Argentina,8.99,77,1997,199,Shiraz
640,3.27,9.3,5,Montenegro,148.15,90,1983,198,RIESLING
641,3.16,11.1,6,France,124,62,2011,201,RIESLING
642,3.22,10,7,Australia,142.52,65,2012,201,Merlot
643,3.29,11.1,6,Italy,150.91,95,1992,199,Pinot
644,3.31,11.3,6,Australia,142.91,48,1963,196,Shiraz
645,3.36,10.4,5,France,42,21,1962,196,Shiraz
646,3.44,13.76,6,California,85.95,56,1976,197,Pinot
647,3.2,12.1,7,Australia,268.61,62,2010,201,Merlot
648,3.24,10.8,7,Italy,279.1,93,1987,198,Shiraz
649,3.26,12.4,7,Argentina,102.39,34,2002,200,Merlot
650,3.41,11.9,7,France,54,27,2006,200,Shiraz
651,3.41,13.64,7,California,147.54,94,1988,198,Pinot
652,3.4,11,7,Italy,342.26,100,1994,199,RIESLING
653,3.29,12,7,Kazahstan,57.14,91,1973,197,Pinot
654,3.27,12.1,7,Argentina,97.3,9,1974,197,RIESLING
655,3.24,9.7,7,Kazahstan,67.58,79,1988,198,RIESLING
656,3.14,9.4,5,France,138,69,1981,198,RIESLING
657,3.47,11.3,7,Australia,171.4,65,2012,201,Pinot
658,3.19,12.5,7,Montenegro,164.37,3,1971,197,Chardonnay
659,3.36,12.4,7,Montenegro,142.57,63,1994,199,Pinot
660,3.61,11.4,5,Argentina,118.46,62,1977,197,Shiraz
661,3.15,10.6,7,Italy,324.49,27,1961,196,RIESLING
662,3.31,9,5,Argentina,69.97,67,1967,196,Shiraz
663,3.43,11.3,4,Italy,83.39,71,1968,196,Shiraz
664,3.04,10.2,6,Montenegro,130.84,86,1961,196,Merlot
665,3.39,11.8,6,France,166,90,1986,198,Shiraz
666,3.39,11.8,6,Montenegro,114.85,3,1960,196,RIESLING
667,3.69,10.5,5,France,68,34,1996,199,Pinot
668,3.48,9.8,5,Argentina,166.18,82,1981,198,Chardonnay
669,3.45,9.5,6,Australia,71.71,75,1969,196,Merlot
670,3.48,9.8,5,Italy,92.42,39,1975,197,Merlot
671,3.69,10.5,5,Montenegro,159.94,75,1984,198,Pinot
672,3.18,11.2,5,Australia,185.41,69,1974,197,RIESLING
673,3.32,11,4,Montenegro,66.44,86,1989,198,Shiraz
674,3.47,10.2,6,Italy,158.95,97,1962,196,Chardonnay
675,3.47,11,7,France,158,79,1962,196,Pinot
676,3.18,11.2,5,Kazahstan,67.36,11,1980,198,Merlot
677,3.38,10.1,6,France,76,38,1967,196,RIESLING
678,3.4,13.6,5,California,41.53,99,1989,198,Pinot
679,3.38,13.52,6,California,155.24,44,1970,197,Merlot
680,3.24,10.5,5,Italy,110.53,45,2006,200,Chardonnay
681,3.38,11.8,6,Kazahstan,48.9,42,2012,201,Pinot
682,3.3,11,6,Argentina,114.91,80,1981,198,Chardonnay
683,3.33,13.32,5,California,165.68,96,1993,199,Shiraz
684,3.38,10.1,6,Australia,92.06,97,1976,197,Pinot
685,3.62,11,5,Italy,145.79,6,1966,196,Pinot
686,3.37,11.3,5,Montenegro,119.31,94,1997,199,Chardonnay
687,3.44,9.1,5,Argentina,113,71,1997,199,RIESLING
688,3.27,11.9,6,Argentina,109.81,1,1967,196,Merlot
689,3.29,11.5,6,Australia,180.95,31,2004,200,Merlot
690,3.27,12.2,7,Argentina,73.96,7,1966,196,Chardonnay
691,3.33,12.2,6,France,192,96,1963,196,Merlot
692,3.18,10.9,6,Australia,114.22,58,2012,201,Shiraz
693,3.23,12.92,6,California,77.82,11,1990,199,RIESLING
694,3.29,11.5,6,Australia,70.03,93,1986,198,RIESLING
695,3.43,10.8,6,Argentina,170.65,7,1991,199,Chardonnay
696,3.59,11.5,6,France,130,65,1970,197,RIESLING
697,3.39,11,5,Kazahstan,51.46,68,1982,198,Pinot
698,3.23,9.5,5,France,10,5,1975,197,Shiraz
699,3.41,10.8,7,Kazahstan,59.57,30,1999,199,Pinot
700,3.58,10.8,7,Argentina,112.39,33,1973,197,Shiraz
701,3.26,11.7,7,Australia,224.83,62,2012,201,Pinot
702,3.4,11.8,5,Italy,155.96,13,1964,196,RIESLING
703,3.12,11.8,7,Italy,334.65,86,2007,200,RIESLING
704,3.42,10.7,6,France,128,64,1997,199,Pinot
705,3.31,12.5,7,Italy,333.07,80,2012,201,Pinot
706,3.37,9.9,5,France,140,70,2003,200,Pinot
707,3.42,13.68,6,California,97.26,73,1983,198,Chardonnay
708,3.53,9.8,6,Australia,123.27,34,2014,201,RIESLING
709,3.53,9.7,5,Australia,121.11,10,1972,197,Merlot
710,3.22,9.3,6,Kazahstan,55.44,3,2013,201,RIESLING
711,3.44,10.1,5,Kazahstan,60.37,13,2004,200,Merlot
712,3.22,9.3,5,Kazahstan,71.83,62,2007,200,Chardonnay
713,3.43,11.2,6,Italy,136.18,12,2008,200,RIESLING
714,3.34,9.4,5,Australia,47.39,90,1982,198,RIESLING
715,3.15,12.1,7,Kazahstan,54.3,100,1982,198,Chardonnay
716,3.33,10.4,6,Australia,114.82,60,1964,196,Merlot
717,3.34,9.4,5,France,84,42,1970,197,RIESLING
718,3.34,10.5,5,Kazahstan,61.99,55,1967,196,RIESLING
719,3.22,10,6,Italy,53.4,29,2005,200,RIESLING
720,3.53,9.5,5,Kazahstan,56.81,71,1986,198,Chardonnay
721,3.22,12,6,Montenegro,146.97,58,1965,196,Chardonnay
722,3.48,11.4,6,Montenegro,101.15,15,1965,196,Pinot
723,3.15,9.9,5,Montenegro,100.84,92,1982,198,RIESLING
724,3.53,9.5,5,France,74,37,1978,197,Merlot
725,3.22,10,6,Montenegro,117.73,25,1997,199,Shiraz
726,3.41,11.8,6,Australia,109.42,73,1991,199,Shiraz
727,3.41,11,4,Montenegro,131.87,24,1969,196,Merlot
728,3.31,11.8,7,France,158,79,1960,196,RIESLING
729,3.31,12.5,7,Italy,308.84,12,1967,196,RIESLING
730,3.23,11.1,7,Montenegro,142.66,24,2006,200,Pinot
731,3.32,9.6,4,Kazahstan,12.95,41,1992,199,Pinot
732,3.53,10.6,5,France,166,69,1989,198,RIESLING
733,3.39,9.6,5,France,54,27,1961,196,Merlot
734,3.41,11.8,6,Australia,191.73,92,2000,200,Chardonnay
735,3.48,9.3,5,Italy,97.09,3,1993,199,Shiraz
736,3.44,13.76,6,California,116.21,44,2006,200,Pinot
737,3.4,13.6,6,California,104.41,68,1988,198,Merlot
738,3.4,13.6,6,California,187.4,29,1975,197,RIESLING
739,3.41,11.3,6,Kazahstan,62.81,69,1968,196,Merlot
740,3.51,14.04,5,California,128.46,41,1972,197,Chardonnay
741,3.51,9.5,5,Italy,118.68,97,1977,197,Merlot
742,3.51,14.04,5,California,38.6,58,1997,199,RIESLING
743,3.66,11.5,6,Montenegro,169.77,21,1966,196,Merlot
744,3.51,9.5,5,France,140,70,1964,196,RIESLING
745,3.4,11.2,6,Montenegro,153.7,71,1972,197,Chardonnay
746,3.34,12.9,7,Italy,353.6,58,1968,196,Chardonnay
747,3.4,11.3,7,Kazahstan,48.24,4,1968,196,Chardonnay
748,3.3,13.2,5,California,106.65,8,1972,197,Merlot
749,3.47,10.9,6,Montenegro,110.34,84,2006,200,RIESLING
750,3.52,9.5,6,Australia,126.66,79,1979,197,Pinot
751,3.51,11.7,7,France,80,40,2012,201,Shiraz
752,3.47,10.9,6,Italy,162.95,32,1993,199,Pinot
753,3.47,10.9,6,Kazahstan,55.65,45,1974,197,Chardonnay
754,3.22,9.7,5,Australia,58.52,94,1971,197,Chardonnay
755,3.28,9.5,5,Montenegro,155.96,53,1972,197,Pinot
756,3.28,9.5,5,Montenegro,133.52,47,1961,196,Shiraz
757,3.58,9.8,5,Italy,197.19,11,1969,196,Shiraz
758,3.59,9.8,5,France,40,20,2011,201,RIESLING
759,3.5,14,6,California,114.32,76,2010,201,RIESLING
760,3.59,14.36,5,California,66.94,49,2009,200,RIESLING
761,3.18,10.6,6,Montenegro,101.02,85,1987,198,Chardonnay
762,3.28,9.4,5,Italy,123.52,32,2001,200,Shiraz
763,3.23,12.92,6,California,137.62,53,1969,196,RIESLING
764,3.45,10.3,5,Montenegro,119.97,83,1982,198,RIESLING
765,3.42,11.5,7,Australia,277.84,56,1977,197,RIESLING
766,3.46,10,5,Argentina,139.77,55,1995,199,Shiraz
767,3.24,11.2,7,France,60,30,2007,200,RIESLING
768,3.26,11.7,7,Kazahstan,52.67,98,2014,201,Chardonnay
769,3.26,11.7,7,France,38,19,1999,199,Merlot
770,3.39,9.3,5,Kazahstan,63.4,86,2001,200,Chardonnay
771,3.29,9.7,4,Argentina,107.99,15,1992,199,RIESLING
772,3.54,11.2,4,Argentina,63.71,31,2001,200,Shiraz
773,3.56,11.1,6,Australia,107.71,95,1982,198,Chardonnay
774,3.46,12.7,8,Montenegro,126.53,5,1981,198,Shiraz
775,3.36,13.44,5,California,105.11,42,1970,197,Pinot
776,3.26,12.4,7,Italy,244.56,43,2010,201,Merlot
777,3.36,10.7,5,Argentina,107.56,12,2014,201,Merlot
778,3.24,10.3,5,Australia,111.32,84,1988,198,Chardonnay
779,3.61,9.8,5,Australia,52.36,11,1990,199,Pinot
780,3.61,9.8,5,Kazahstan,68.18,96,1979,197,RIESLING
781,3.71,14,7,Argentina,168.17,95,2012,201,Merlot
782,3.34,9.7,5,Italy,195.1,20,1977,197,RIESLING
783,3.28,9.6,5,France,178,89,1964,196,Shiraz
784,3.29,9.4,5,Australia,47.34,24,1963,196,Pinot
785,3.55,9.8,5,Italy,93.79,90,1989,198,Shiraz
786,3.28,11.9,6,Argentina,117.87,52,2012,201,Merlot
787,3.23,10.5,6,Australia,198.16,38,1998,199,Merlot
788,3.21,11.3,6,Australia,101,34,2010,201,Pinot
789,3.18,12.72,6,California,41.48,83,1982,198,Chardonnay
790,3.24,12.96,5,California,77.53,96,1989,198,Merlot
791,3.09,10.9,6,France,44,22,2001,200,Chardonnay
792,3.3,10.5,5,Italy,142.14,7,1991,199,Merlot
793,3.22,12.88,6,California,192.23,80,1998,199,RIESLING
794,3.26,9.2,5,France,70,35,2013,201,RIESLING
795,3.17,12.5,6,Italy,102.29,71,1997,199,Pinot
796,3.33,13.32,7,California,88.47,45,2007,200,Chardonnay
797,3.27,12.5,7,Argentina,107.67,74,2011,201,Merlot
798,3.33,12.8,7,Kazahstan,58.59,44,1980,198,Merlot
799,3.26,9.9,6,Montenegro,95.84,28,1970,197,Merlot
800,3.24,9.6,6,Montenegro,66.32,95,1978,197,RIESLING
801,3.56,14.24,7,California,142.36,81,1962,196,Shiraz
802,3.23,12.92,5,California,122.26,30,1978,197,Shiraz
803,3.25,9.4,5,Kazahstan,64.49,92,1993,199,Shiraz
804,3.29,10.7,6,France,132,66,1970,197,RIESLING
805,3.29,10.7,6,Argentina,100.32,41,1972,197,Pinot
806,3.31,11.2,7,Italy,277.85,28,2002,200,Shiraz
807,3.1,9.6,5,Kazahstan,53.34,44,1993,199,Merlot
808,2.99,10.2,5,Kazahstan,68.41,52,2002,200,Merlot
809,3.38,10.8,5,France,128,64,1966,196,Pinot
810,3.48,13.92,6,California,104.89,31,1971,197,Shiraz
811,3.23,9.6,5,Australia,89.5,45,1997,199,Pinot
812,3.33,13.32,6,California,181.91,67,1998,199,Merlot
813,3.09,9.3,5,Montenegro,192.76,44,1981,198,Pinot
814,3.44,11.4,4,France,96,48,1999,199,Chardonnay
815,3.18,10.1,6,France,128,64,1969,196,Chardonnay
816,3.24,10.8,5,Montenegro,176.97,91,1999,199,Pinot
817,3.21,9.5,5,Argentina,128.11,72,2014,201,Pinot
818,3.21,9.5,5,Montenegro,105.33,67,2012,201,Pinot
819,3.66,9.8,5,Kazahstan,52.58,66,1989,198,RIESLING
820,3.36,10,5,Italy,64.91,34,1971,197,Pinot
821,3.66,9.8,5,Australia,167.2,8,1993,199,RIESLING
822,3.31,9.4,6,France,52,89,1989,198,RIESLING
823,3.5,9.8,5,Argentina,92.28,74,1987,198,Merlot
824,3.36,10.5,5,Montenegro,145.85,24,1962,196,RIESLING
825,3.4,10.3,6,France,148,74,2013,201,Merlot
826,3.4,10.3,6,Montenegro,90.52,42,1981,198,Merlot
827,3.43,10,5,France,20,10,1999,199,Merlot
828,3.31,9.5,6,France,66,33,1981,198,Chardonnay
829,3.3,9.5,6,Montenegro,88.88,76,2001,200,Merlot
830,3.27,9.4,5,Australia,184.42,24,1981,198,Merlot
831,3.28,9.4,5,Kazahstan,69.93,17,1991,199,Chardonnay
832,3.56,11.1,6,Australia,52.34,74,2006,200,Chardonnay
833,3.38,9.9,3,France,74,37,1970,197,Chardonnay
834,3.55,9.7,6,Kazahstan,63.29,66,2010,201,RIESLING
835,3.32,13.28,5,California,190.85,94,1989,198,RIESLING
836,3.39,9.6,5,Kazahstan,55.82,89,1988,198,Shiraz
837,3.55,9.7,6,Argentina,90.99,55,1964,196,Chardonnay
838,3.45,9.5,5,Kazahstan,52.2,9,1964,196,Merlot
839,3.14,9.4,5,Kazahstan,68.69,89,1989,198,Shiraz
840,3.31,9.5,6,France,6,3,1979,197,Chardonnay
841,3.31,9.5,6,Italy,111.63,81,1976,197,Merlot
842,3.25,9.6,5,France,36,18,1966,196,Shiraz
843,3.31,10,6,Montenegro,106.49,69,1963,196,Pinot
844,3.25,9.6,5,Argentina,93.63,16,1963,196,Merlot
845,3.23,9.7,5,France,82,41,1993,199,Pinot
846,3.59,9.8,5,Australia,104.25,21,1972,197,Pinot
847,3.19,9.2,5,Montenegro,87.76,68,1978,197,Shiraz
848,3.25,9.8,5,France,12,6,1963,196,Merlot
849,3.25,13,5,California,162.42,34,2014,201,Shiraz
850,3.6,11.2,6,Italy,106,35,2008,200,Pinot
851,3.51,10.7,6,France,198,83,1982,198,Merlot
852,3.09,9.1,6,Argentina,162.19,2,1970,197,Pinot
853,3.29,9.5,5,Kazahstan,62.7,49,2008,200,Pinot
854,3.39,9.4,5,Montenegro,86.73,10,1966,196,RIESLING
855,3.29,9.5,5,Italy,88.91,22,1974,197,Pinot
856,3.29,9.5,5,Montenegro,172.75,59,1993,199,RIESLING
857,3.52,9.6,6,Argentina,101.56,93,1976,197,Shiraz
858,3.3,9,6,Kazahstan,59.93,98,1982,198,Shiraz
859,3.52,9.5,6,France,22,11,2013,201,RIESLING
860,3.13,12.52,5,California,142.54,11,1963,196,Merlot
861,3.13,10,5,Italy,127.27,80,1971,197,Pinot
862,3.46,13.84,5,California,143.33,93,1983,198,Pinot
863,3.24,10.4,5,Australia,83.22,93,1978,197,Chardonnay
864,3.21,9.5,5,Kazahstan,64.04,50,1981,198,Pinot
865,3.45,11.5,6,Montenegro,116.59,66,1977,197,RIESLING
866,3.35,9.3,5,Montenegro,150.73,72,1971,197,Chardonnay
867,3.1,12.4,5,California,49.17,45,2007,200,Shiraz
868,3.5,9.3,6,France,114,57,1965,196,Chardonnay
869,3.26,9.5,5,Kazahstan,59.34,98,1990,199,Merlot
870,3.26,9.5,5,France,136,68,2014,201,RIESLING
871,3.55,14.2,5,California,193.3,84,1969,196,Merlot
872,3.44,11.5,5,Italy,196.98,9,1971,197,RIESLING
873,3.17,9.6,5,Kazahstan,76.21,59,1964,196,RIESLING
874,3.61,12.7,6,Argentina,164.75,16,1975,197,RIESLING
875,3.46,9.5,5,Argentina,178.93,88,2008,200,Merlot
876,3.46,9.5,5,Kazahstan,53.38,90,2014,201,RIESLING
877,3.43,11.1,6,Kazahstan,53.1,8,1991,199,Chardonnay
878,3.29,10.4,5,Montenegro,187.53,78,1997,199,Shiraz
879,3.38,10.9,4,Argentina,10.64,52,1961,196,Merlot
880,2.94,9.5,5,France,22,11,2003,200,Pinot
881,3.21,10,5,Argentina,134.15,99,1985,198,Shiraz
882,3.1,9.2,5,Italy,154.65,44,1966,196,Chardonnay
883,3.22,9.6,5,France,200,78,1988,198,Merlot
884,3.46,9.5,5,Montenegro,186.9,68,1978,197,Shiraz
885,3.22,9.6,5,Argentina,105.29,43,2005,200,Pinot
886,3.21,10,5,Australia,55.94,71,1983,198,Chardonnay
887,3.29,9.2,6,Argentina,104.2,91,1988,198,Shiraz
888,3.28,9.8,5,France,94,47,1971,197,Shiraz
889,3.36,13.44,5,California,193.09,51,2008,200,Chardonnay
890,3.38,9.5,5,Kazahstan,58.28,34,1972,197,Merlot
891,3.06,10.1,5,France,166,83,1992,199,Shiraz
892,3.53,9.7,5,Italy,50.66,19,1965,196,RIESLING
893,3.27,10,6,Kazahstan,62.72,11,1963,196,Chardonnay
894,3.34,11.6,6,Argentina,118.08,67,1975,197,Merlot
895,3.37,13.48,5,California,60.71,73,1977,197,Chardonnay
896,3.4,10,5,France,110,55,1980,198,Chardonnay
897,3.38,9.9,4,Argentina,121.95,92,1962,196,Merlot
898,3.43,10,4,Kazahstan,11.95,94,1982,198,RIESLING
899,3.47,9.4,6,Argentina,191.94,4,1966,196,Merlot
900,3.48,11,3,Kazahstan,15.99,72,1982,198,Chardonnay
901,3.47,13.88,6,California,107.73,64,1991,199,RIESLING
902,3.08,10.1,6,France,60,30,1996,199,Merlot
903,3.11,10.8,6,Argentina,169.08,79,1987,198,RIESLING
904,3.31,9.7,5,Kazahstan,54.39,75,1993,199,Chardonnay
905,3.41,13.64,7,California,143.04,70,1993,199,Chardonnay
906,3.47,9.5,6,Italy,120.73,55,1971,197,Shiraz
907,3.47,9.5,6,Argentina,192.82,5,1990,199,Shiraz
908,3.9,12.8,6,Italy,196.16,78,1985,198,Merlot
909,3.31,13.24,5,California,116.76,75,2014,201,Pinot
910,3.32,9.4,5,France,134,67,1993,199,Chardonnay
911,3.03,9,5,Argentina,175.87,69,2014,201,Merlot
912,3.48,9.8,5,Italy,85.56,67,1980,198,Chardonnay
913,3.63,10.7,3,Australia,100.48,100,1980,198,Chardonnay
914,3.3,9.4,5,Kazahstan,50.1,76,1981,198,Merlot
915,3.4,9.4,5,Kazahstan,63.72,96,1987,198,Shiraz
916,3.28,9.7,5,Argentina,87.74,8,1978,197,RIESLING
917,3.25,9.4,5,Italy,68.97,50,1994,199,Pinot
918,3.37,11.3,5,Montenegro,181.86,18,1965,196,Merlot
919,3.21,10.2,6,Argentina,167.33,92,1988,198,RIESLING
920,3.06,9,5,Italy,74.09,98,2006,200,Shiraz
921,3.13,9.6,5,Argentina,65.79,23,1965,196,Pinot
922,3.3,11,6,Montenegro,17.28,71,1967,196,Shiraz
923,3.48,10,5,Australia,160.75,68,1970,197,Pinot
924,3.08,9.3,6,Argentina,190.68,13,1992,199,Pinot
925,3.26,10.2,5,Australia,70.86,7,1973,197,Shiraz
926,3.08,9.3,6,Italy,77.83,59,1968,196,Merlot
927,3.2,9.5,5,France,132,66,1964,196,Pinot
928,3.15,9.5,5,France,190,95,1978,197,Shiraz
929,3.2,9.5,5,Argentina,111.9,41,1995,199,Pinot
930,3.19,11.4,7,Italy,199.15,64,2005,200,RIESLING
931,3.26,10,5,Australia,154.96,77,1999,199,RIESLING
932,2.94,9.2,6,Kazahstan,63.05,71,2006,200,Chardonnay
933,3.15,12.6,5,California,125.07,85,1967,196,Pinot
934,2.94,11.76,6,California,95.92,14,2005,200,RIESLING
935,3.18,9.5,6,Argentina,112.43,86,1977,197,Pinot
936,3.14,9.7,5,Montenegro,110.59,23,1998,199,RIESLING
937,3.03,10.2,5,Argentina,106.41,33,2004,200,Pinot
938,3.36,9.6,6,Kazahstan,59.61,82,2011,201,RIESLING
939,3.32,9.6,6,Italy,167.7,75,1984,198,Pinot
940,3.4,10.9,4,Italy,12.89,66,1989,198,Shiraz
941,3.32,9.6,6,Australia,91.15,92,1972,197,RIESLING
942,2.92,10.5,7,Argentina,79.77,87,1994,199,Pinot
943,2.89,9.6,5,Kazahstan,55.57,58,1963,196,Pinot
944,3.08,9.5,5,Argentina,175.93,24,1965,196,Shiraz
945,3.12,12,6,Argentina,83.17,48,1991,199,RIESLING
946,3.14,11.1,7,France,62,31,2006,200,Merlot
947,2.98,14.9,5,Argentina,85.63,83,1989,198,RIESLING
948,3.41,11.2,5,Montenegro,103.69,49,1961,196,Merlot
949,2.89,9.6,5,Argentina,169.46,87,2006,200,Chardonnay
950,3.41,11.9,7,Argentina,90.05,10,2010,201,Merlot
951,3.16,11.3,6,Kazahstan,48.24,96,1964,196,Merlot
952,3.01,12.3,7,Australia,165.65,29,2004,200,Pinot
953,3.2,9.2,4,Australia,82.94,18,2005,200,RIESLING
954,3.4,10.1,5,Montenegro,62.49,77,1987,198,Merlot
955,3.37,10.1,7,France,72,36,1971,197,Pinot
956,3.39,9.4,5,France,40,20,2006,200,RIESLING
957,3.46,9.5,5,France,86,43,1968,196,Merlot
958,3.39,9.4,5,Italy,110.45,87,1987,198,Shiraz
959,3.46,9.5,5,Australia,75.18,67,1971,197,Merlot
960,3.36,10,5,Australia,119,40,1970,197,Pinot
961,3.39,13.56,5,California,106.82,22,1996,199,Shiraz
962,3.18,10.3,6,Kazahstan,58.26,12,1975,197,Pinot
963,3.24,9.4,5,Italy,105.46,99,2001,200,RIESLING
964,3.24,9.4,5,Kazahstan,63.3,27,1974,197,RIESLING
965,3.27,9.5,5,Australia,44.9,69,1987,198,Merlot
966,3.07,10.4,4,Argentina,76.58,50,1981,198,Shiraz
967,3.32,10.5,6,France,154,77,1973,197,Pinot
968,3.25,9.5,5,Kazahstan,55.74,31,2004,200,Shiraz
969,3.27,9.3,6,Australia,75.17,1,1962,196,Pinot
970,3.21,9.3,5,Australia,65.11,90,1984,198,RIESLING
971,3.36,9.1,5,Montenegro,89.39,37,1992,199,Merlot
972,3.33,10.9,6,Kazahstan,8.85,82,2014,201,Shiraz
973,3.36,13.44,5,California,196.24,78,1995,199,RIESLING
974,3.46,13.84,5,California,164.87,63,1993,199,Pinot
975,3.46,10.2,5,Italy,109.94,48,2010,201,Merlot
976,3.49,12.1,6,Italy,94.08,22,2000,200,RIESLING
977,3.13,9.5,5,Montenegro,194.74,17,1966,196,Pinot
978,3.15,9.1,5,Italy,122.2,78,2012,201,Pinot
979,3.28,13.12,5,California,131,60,2005,200,Chardonnay
980,3.27,9.4,5,Kazahstan,58.67,94,2010,201,Shiraz
981,3.09,12.36,5,California,84.71,74,1970,197,Merlot
982,3.13,10.2,5,Argentina,123.48,9,1971,197,Shiraz
983,3.03,9.8,6,France,130,65,2009,200,RIESLING
984,3.5,9.7,5,Italy,115.41,19,2008,200,Chardonnay
985,3.5,9.7,5,Argentina,137.44,87,1975,197,Shiraz
986,2.87,10.2,6,Montenegro,104.73,49,2001,200,Merlot
987,3.26,9.8,5,Italy,150.77,98,2002,200,Pinot
988,3.32,13.28,6,California,90.51,25,2006,200,Merlot
989,2.98,9.4,5,Australia,96.66,96,2006,200,Shiraz
990,3.39,9.2,5,France,56,28,1960,196,Merlot
991,3.56,12.7,6,France,154,77,1997,199,Shiraz
992,3.32,10.4,6,Australia,56.63,29,1962,196,Shiraz
993,3.31,10.5,6,Montenegro,53.64,83,1983,198,RIESLING
994,3.34,12.2,7,Kazahstan,58.93,57,1961,196,Chardonnay
995,3.31,9.2,6,Argentina,137.59,15,1980,198,Chardonnay
996,3.17,9.1,6,Italy,145.02,3,1962,196,RIESLING
997,3.1,9,6,Australia,71.93,78,1962,196,RIESLING
998,3.3,9.3,5,France,44,22,2002,200,RIESLING
999,3.1,9,6,Italy,66.84,93,2009,200,Shiraz
1000,3.58,11.2,4,Australia,79.1,65,1985,198,Shiraz
1001,3,9.3,6,Kazahstan,75.38,77,1997,199,Shiraz
1002,3.2,9.8,6,Montenegro,100.3,54,2010,201,Merlot
1003,3.26,11.7,7,Argentina,42.44,85,1967,196,Shiraz
1004,3.09,10,6,France,124,62,1997,199,Merlot
1005,3.04,9.3,6,France,170,85,1966,196,Shiraz
1006,3.27,9.3,5,Australia,149.81,40,1978,197,RIESLING
1007,3.4,9.5,5,Italy,101.63,97,1992,199,Chardonnay
1008,3.29,9,5,Italy,115.67,12,1972,197,Chardonnay
1009,3.35,9.7,5,Argentina,134.33,68,1960,196,Shiraz
1010,3.12,11.5,6,Kazahstan,63.22,30,1974,197,Pinot
1011,3.71,12.8,7,Italy,243.57,78,1991,199,Chardonnay
1012,3.17,10.4,6,Kazahstan,13.24,97,1988,198,Merlot
1013,3.35,9.7,5,Australia,97.96,16,1962,196,Chardonnay
1014,3.05,10.5,7,Montenegro,93.19,22,1980,198,Merlot
1015,3.72,14,8,Argentina,111.82,75,2002,200,RIESLING
1016,3.26,9.3,5,France,174,87,1976,197,Pinot
1017,3.12,10.6,7,Montenegro,55.7,45,2008,200,Shiraz
1018,3.47,9.6,6,Kazahstan,69.06,23,1991,199,Merlot
1019,3.3,10.7,7,France,98,49,2004,200,Pinot
1020,2.98,9.9,7,Montenegro,50.23,72,1984,198,Merlot
1021,3.19,9.2,5,Australia,151.83,19,1976,197,RIESLING
1022,3.19,12.76,5,California,141.41,3,1975,197,Shiraz
1023,3.14,9.8,6,Montenegro,188.19,46,1962,196,Merlot
1024,3.29,9.8,5,Argentina,166.03,15,2006,200,Merlot
1025,3.3,9.5,5,France,38,19,1981,198,Pinot
1026,3.3,9.6,4,Australia,64.78,83,1964,196,Pinot
1027,3.2,10.2,6,Australia,95.31,31,1974,197,Pinot
1028,3.19,10,6,Montenegro,56.5,9,2011,201,Pinot
1029,3.23,9.3,4,Italy,127.86,81,2010,201,Pinot
1030,3.32,10.5,7,Kazahstan,23.33,28,1973,197,Chardonnay
1031,3.14,10.4,5,Argentina,78.37,3,1978,197,Merlot
1032,3.57,11.7,6,Montenegro,168.52,39,1975,197,Shiraz
1033,3.32,11,6,Kazahstan,49.47,53,1991,199,Pinot
1034,3.57,11.7,6,Argentina,77.99,42,1998,199,Pinot
1035,3.31,10.7,6,Italy,169.87,79,1990,199,Merlot
1036,3.32,9,6,Kazahstan,55.11,42,2008,200,RIESLING
1037,3.32,9,6,Kazahstan,59.78,93,1966,196,Shiraz
1038,3.14,11.4,5,Argentina,114.28,10,1994,199,Chardonnay
1039,3.3,12.7,6,Argentina,195.75,98,1989,198,Shiraz
1040,3.31,10.1,6,Italy,78.63,9,1971,197,Shiraz
1041,3.08,12.32,5,California,149.52,93,1987,198,Merlot
1042,3.23,9.2,5,Argentina,179.17,42,2000,200,Merlot
1043,3.14,11.4,5,Italy,92.89,10,2014,201,Pinot
1044,3.3,12.7,6,Australia,117.76,29,2000,200,Pinot
1045,3.07,11.7,6,France,190,95,2000,200,Merlot
1046,2.92,11.1,5,Montenegro,77.16,38,1972,197,Pinot
1047,3.07,11.7,6,Italy,112.47,80,1987,198,RIESLING
1048,2.92,11.1,5,Kazahstan,73.44,1,1961,196,Chardonnay
1049,3.27,10.9,6,Italy,77.54,27,1992,199,Shiraz
1050,2.92,11.1,5,Kazahstan,55.63,33,1995,199,RIESLING
1051,3.74,11.5,5,Italy,105.46,34,2010,201,RIESLING
1052,3.12,10,6,Montenegro,178.06,19,1993,199,RIESLING
1053,3.19,10,6,Australia,88.1,47,2012,201,RIESLING
1054,3.27,9.4,6,Kazahstan,68.09,12,1974,197,Merlot
1055,3.12,10.4,6,Kazahstan,50.95,44,2000,200,Chardonnay
1056,3.26,10.7,6,Italy,175.85,16,1999,199,Shiraz
1057,3.45,9.5,6,Italy,199.34,82,1997,199,Chardonnay
1058,3.08,9.1,5,Italy,91.98,50,2013,201,Chardonnay
1059,3.06,11,6,Kazahstan,67.75,89,2014,201,Chardonnay
1060,3.12,9.9,5,Argentina,57.21,35,1975,197,Chardonnay
1061,3.21,11,6,Argentina,82.82,98,1965,196,Pinot
1062,3.26,9.6,5,Montenegro,194.95,74,1999,199,Chardonnay
1063,3.22,11.2,5,Italy,102.95,81,2002,200,RIESLING
1064,3.2,12,7,Argentina,113.5,4,2008,200,Shiraz
1065,3.37,10.7,6,Italy,125.8,75,1977,197,Chardonnay
1066,3.09,9.4,5,Italy,74.26,99,1986,198,Chardonnay
1067,3.4,12.5,7,France,198,99,1973,197,RIESLING
1068,3.36,12.8,7,Italy,370.68,72,2005,200,Pinot
1069,3.41,10.3,6,Argentina,164.76,27,1964,196,RIESLING
1070,3.28,10,6,Kazahstan,66.89,54,2008,200,Merlot
1071,3.22,12.8,6,Kazahstan,78.02,82,1965,196,Pinot
1072,3.16,10.3,5,Kazahstan,74.05,60,1962,196,RIESLING
1073,3.16,10.3,5,Australia,143.66,95,1973,197,RIESLING
1074,3.41,10.3,6,Montenegro,85.17,38,1975,197,Chardonnay
1075,3.34,8.7,6,Australia,191.18,35,1978,197,Shiraz
1076,3.39,11.4,6,Montenegro,195.92,99,1976,197,Shiraz
1077,3.15,11.4,6,Kazahstan,13.05,71,1982,198,RIESLING
1078,3.36,11,5,Kazahstan,68.81,82,1986,198,RIESLING
1079,3.24,9.9,5,France,134,67,1963,196,Chardonnay
1080,3.22,12.88,5,California,81.21,0,1966,196,Merlot
1081,3.38,9.8,5,Australia,151.7,64,1962,196,Shiraz
1082,3.48,9.1,5,Italy,118.99,96,1999,199,Pinot
1083,3.42,10,6,Montenegro,150.14,40,2008,200,Pinot
1084,3.36,13.44,5,California,70.78,53,2012,201,Merlot
1085,3.22,11.7,6,France,64,32,1999,199,Chardonnay
1086,3.16,12.64,3,California,102.74,46,1994,199,Shiraz
1087,3.25,13,6,California,199.74,56,2012,201,RIESLING
1088,3.31,9.3,5,France,18,9,1973,197,RIESLING
1089,3.36,12.8,7,Italy,249.32,12,1963,196,Pinot
1090,3.09,11.8,7,Montenegro,151.54,94,1983,198,RIESLING
1091,3.23,12,7,Italy,347.71,58,1976,197,Pinot
1092,3.03,9.7,6,France,120,60,1997,199,RIESLING
1093,3.18,12.72,6,California,92.33,22,1992,199,RIESLING
1094,3.02,9.5,5,Italy,58.29,93,1960,196,Chardonnay
1095,3.04,11.4,7,Argentina,66.21,4,1997,199,Merlot
1096,3.18,10.2,6,Kazahstan,54.49,16,1997,199,RIESLING
1097,3.17,9.5,6,Kazahstan,62.62,36,2003,200,Merlot
1098,3.25,10.8,7,Montenegro,156.1,10,2009,200,Shiraz
1099,3.02,10.9,7,Italy,318.25,68,1987,198,Pinot
1100,3.18,10.9,7,Argentina,127.41,82,1989,198,Shiraz
1101,3.38,11.6,7,Australia,176.75,72,1988,198,Pinot
1102,3.17,12,7,Argentina,81.02,14,1977,197,Merlot
1103,3.45,11.2,6,Kazahstan,41.42,93,1976,197,Merlot
1104,3.43,9,6,Argentina,52.38,48,1963,196,Merlot
1105,3.48,11.6,6,France,140,70,2003,200,RIESLING
1106,3.32,11.1,5,Australia,194.52,63,1974,197,RIESLING
1107,3.15,11,8,Kazahstan,56.61,22,1998,199,Shiraz
1108,3.44,12.1,6,Australia,96.82,62,1994,199,Shiraz
1109,3.36,9.5,5,Italy,173.36,60,1977,197,Shiraz
1110,3.48,11.6,6,Australia,129.42,8,1964,196,Pinot
1111,3.33,11.8,7,Italy,277.97,35,2014,201,Chardonnay
1112,3.34,13.36,7,California,184.54,59,1965,196,Shiraz
1113,3.31,13.24,6,California,184.86,87,1962,196,Chardonnay
1114,3.34,10.2,6,France,188,94,1981,198,Pinot
1115,3.32,10.8,7,Kazahstan,47.85,13,1999,199,Merlot
1116,3.17,12.68,6,California,64.1,17,1964,196,Pinot
1117,3.17,10,5,Kazahstan,50.59,93,2005,200,Merlot
1118,3.06,13.4,6,Kazahstan,68.23,75,1991,199,RIESLING
1119,3.04,9.4,5,Australia,153.85,94,1982,198,Merlot
1120,3.12,9.2,5,Italy,138.13,38,2003,200,Chardonnay
1121,3.19,10.1,6,Montenegro,147.93,74,2000,200,RIESLING
1122,3.18,12.72,6,California,104.19,89,1980,198,Merlot
1123,3.28,9.7,5,Italy,85.46,64,1967,196,Pinot
1124,3.14,10.2,5,Montenegro,68.15,96,2005,200,Chardonnay
1125,3.3,11.5,4,Argentina,33.39,83,2004,200,Chardonnay
1126,3.3,11.8,7,Australia,225.57,79,2006,200,Chardonnay
1127,3.2,9.4,6,Argentina,79.35,81,2008,200,Merlot
1128,3.26,10.6,5,Montenegro,113.68,41,1995,199,Chardonnay
1129,3.15,10.4,6,Australia,168.34,84,2007,200,RIESLING
1130,3.2,11.4,6,Italy,86.05,13,2000,200,RIESLING
1131,3.05,10.6,5,Italy,167.82,92,1973,197,Merlot
1132,3.2,9.8,5,Italy,157.18,73,2006,200,RIESLING
1133,3.17,9.2,6,Italy,131.46,89,1982,198,Pinot
1134,3.16,11.5,6,Argentina,138.39,94,1994,199,Merlot
1135,3.48,9.7,5,Montenegro,98.52,50,2006,200,RIESLING
1136,2.98,9.2,6,Australia,103.62,11,1980,198,Merlot
1137,3.22,11.4,6,Kazahstan,50.65,42,1994,199,Shiraz
1138,3.08,9,5,Kazahstan,46.08,52,1970,197,Merlot
1139,3.18,11.8,5,Kazahstan,52.22,64,1991,199,Chardonnay
1140,3.26,13.04,5,California,164.73,80,1960,196,RIESLING
1141,3.41,9.5,6,Italy,12.42,54,1973,197,Pinot
1142,3.35,11.3,6,Montenegro,134.94,18,1965,196,Chardonnay
1143,3.25,9,3,Kazahstan,76.23,72,1999,199,Shiraz
1144,3.61,10,6,Montenegro,11.37,59,1969,196,Merlot
1145,3.26,11.2,7,Montenegro,64.22,91,1982,198,Chardonnay
1146,3.37,10.3,5,Argentina,130.54,8,1978,197,Merlot
1147,3.28,9.8,6,Montenegro,89.65,75,1988,198,Shiraz
1148,3.22,13.4,8,France,184,92,1967,196,Pinot
1149,3.5,11.1,5,Italy,166.73,100,1996,199,Shiraz
1150,3.23,12.92,6,California,150.84,66,1974,197,Merlot
1151,3.21,11.8,7,Australia,256.32,74,1974,197,RIESLING
1152,3.44,10,6,Italy,127.32,67,1987,198,Merlot
1153,3.06,12.24,6,California,71.4,44,1974,197,Merlot
1154,3.1,10.8,6,Australia,135.74,37,2006,200,Merlot
1155,3.1,10.8,6,France,66,33,1967,196,Shiraz
1156,3.22,11.2,5,Montenegro,90.53,49,1969,196,Merlot
1157,3.1,10.5,5,Australia,64.53,36,1975,197,Merlot
1158,3.23,10.1,6,Montenegro,125.18,58,1964,196,Chardonnay
1159,3.57,14.28,7,California,77.69,1,2005,200,RIESLING
1160,3.23,11.6,7,Argentina,171.97,81,2012,201,Shiraz
1161,2.88,9.8,8,Montenegro,119.62,71,1969,196,Shiraz
1162,3.08,9.3,5,Australia,88.21,10,1976,197,Shiraz
1163,3.15,9.9,6,France,194,97,1977,197,Chardonnay
1164,3.17,11.2,6,Montenegro,104.45,44,1968,196,Shiraz
1165,3.26,10.2,6,Kazahstan,60.28,7,1965,196,Pinot
1166,3.16,9.5,5,Australia,92.6,80,1976,197,Shiraz
1167,3.15,9.9,6,Montenegro,71.07,71,1986,198,Shiraz
1168,3.16,9.5,5,Australia,110.78,92,2003,200,RIESLING
1169,3,12.8,6,Kazahstan,54.25,100,1980,198,Pinot
1170,3.25,9.2,5,Kazahstan,50.47,39,1973,197,Shiraz
1171,3.15,12.6,7,California,58.27,40,1960,196,Shiraz
1172,3.1,12.4,6,California,160.09,96,1985,198,Pinot
1173,3.24,9.3,5,Italy,186.24,72,1963,196,RIESLING
1174,3.49,11.4,6,France,156,78,1980,198,Merlot
1175,3.05,11.5,7,Italy,229.5,46,1973,197,Chardonnay
1176,3.36,10.9,5,Australia,99.7,99,1990,199,Merlot
1177,3.15,11,7,Kazahstan,59.32,89,1999,199,Chardonnay
1178,3.36,10.9,5,Montenegro,118.04,71,1965,196,Chardonnay
1179,3.28,11.3,7,Italy,222.81,8,1979,197,Chardonnay
1180,3.62,9.9,5,Kazahstan,53.81,41,1993,199,Chardonnay
1181,3.24,12.96,6,California,115.63,79,1996,199,Chardonnay
1182,3.19,11.4,5,Australia,103.55,10,1991,199,Chardonnay
1183,3.38,13.52,6,California,45.85,23,2000,200,Pinot
1184,3.44,10.5,5,Italy,141.92,49,1979,197,Pinot
1185,3.26,11.7,6,France,136,68,2005,200,Pinot
1186,3.32,9.3,5,Kazahstan,69.85,75,2009,200,Shiraz
1187,3.26,9.5,5,Argentina,155.13,66,1991,199,Chardonnay
1188,3.27,11.7,7,Kazahstan,45.8,79,1988,198,Pinot
1189,3.27,13.08,5,California,165.05,71,1995,199,Chardonnay
1190,3.38,9.5,5,Kazahstan,71.96,76,1997,199,Chardonnay
1191,3.38,9.5,6,Montenegro,104.67,10,2012,201,RIESLING
1192,3.38,9.6,4,Montenegro,160.7,87,1971,197,Shiraz
1193,3.19,11.3,6,France,20,10,1979,197,Pinot
1194,3.18,10.8,7,Argentina,193.57,75,1983,198,Merlot
1195,3.24,10.8,6,Montenegro,143.36,24,1963,196,Shiraz
1196,3.36,10.1,6,Argentina,133.38,31,1969,196,Merlot
1197,3.26,9.1,5,Kazahstan,54.75,46,1999,199,RIESLING
1198,3.29,10.8,6,Montenegro,137.19,85,2011,201,Chardonnay
1199,3.1,9.4,5,Kazahstan,64.5,88,1962,196,RIESLING
1200,3.18,11,6,Montenegro,170.2,15,1973,197,Chardonnay
1201,3.18,11,6,Kazahstan,52.86,93,2009,200,RIESLING
1202,3.47,13.88,5,California,119.2,83,1985,198,Pinot
1203,3.22,13,7,Kazahstan,58.8,97,1990,199,Shiraz
1204,3.03,9.9,5,Argentina,135.64,38,1972,197,Shiraz
1205,3.16,9.1,5,France,122,61,1960,196,RIESLING
1206,3.18,9.5,5,Argentina,70.55,47,1962,196,Shiraz
1207,3.06,10,6,Kazahstan,74.97,31,2010,201,Shiraz
1208,3.56,12.9,8,Montenegro,155.67,88,1986,198,Shiraz
1209,3.19,10,7,Argentina,59.21,94,1991,199,RIESLING
1210,3.43,9.2,6,Argentina,99.07,54,1999,199,Chardonnay
1211,3.41,9.2,6,Montenegro,113.42,10,2003,200,Shiraz
1212,3.43,9.7,6,Montenegro,166.25,62,2009,200,RIESLING
1213,3.42,9.2,5,France,86,43,1979,197,Shiraz
1214,3.21,9.4,6,Italy,116.21,86,2011,201,Pinot
1215,3.06,10,6,Argentina,120.52,37,1978,197,RIESLING
1216,3.21,9.4,6,Kazahstan,61.97,1,1976,197,Pinot
1217,3.31,10.8,6,France,94,47,1990,199,Chardonnay
1218,3.11,13.3,6,France,36,18,1972,197,RIESLING
1219,3.2,12,7,France,74,37,1995,199,Shiraz
1220,3.26,11,6,Kazahstan,57.79,68,1963,196,Pinot
1221,3.27,12.4,7,Italy,277.34,52,1974,197,Merlot
1222,3.01,10.8,6,Australia,166.43,15,2001,200,Pinot
1223,3.05,9.2,5,Montenegro,55.81,13,1997,199,Pinot
1224,3.32,10.6,6,Australia,178.29,7,2006,200,RIESLING
1225,3.32,8.7,6,France,136,68,2014,201,Merlot
1226,3.57,9.9,5,Australia,148.68,62,1967,196,Pinot
1227,3.46,12.9,7,Australia,205.31,27,1966,196,Shiraz
1228,3.18,9.4,5,Montenegro,164.99,78,1964,196,Merlot
1229,2.95,11.2,7,Australia,212.33,5,2002,200,RIESLING
1230,3.07,10,7,Argentina,198.44,93,1987,198,RIESLING
1231,3.37,11.8,6,Montenegro,129.42,76,2005,200,Shiraz
1232,2.99,10.2,5,Kazahstan,48.01,80,1976,197,Merlot
1233,3.05,10,5,Argentina,106.31,27,1993,199,Shiraz
1234,3.37,9.9,6,Italy,106.44,74,1992,199,Merlot
1235,3.19,9.4,5,Montenegro,154.72,65,1993,199,Chardonnay
1236,3.14,11.1,7,Australia,164.69,42,1970,197,Chardonnay
1237,3.23,11.3,7,Italy,259.09,99,1984,198,RIESLING
1238,3.26,11,5,France,132,68,1987,198,Merlot
1239,3.55,14.2,6,California,88.63,93,1987,198,Shiraz
1240,3.25,11.9,6,Italy,127.16,69,1998,199,Merlot
1241,3.27,9.3,5,Italy,96.12,15,1974,197,RIESLING
1242,3.16,9.8,5,France,138,69,2011,201,Pinot
1243,3.35,9.4,6,Australia,95.2,49,1969,196,RIESLING
1244,3.28,9.9,6,Argentina,117.7,72,1970,197,Merlot
1245,3.36,9.4,6,Australia,123.32,44,2004,200,Merlot
1246,3.11,10,6,Italy,91.16,44,1965,196,RIESLING
1247,3.02,12,6,Montenegro,173,65,2002,200,Chardonnay
1248,3.14,11.8,7,Australia,174.14,27,1995,199,Merlot
1249,3.6,9.9,5,Kazahstan,55.11,46,1990,199,Merlot
1250,3.12,10.7,6,Australia,197.84,75,1982,198,Pinot
1251,3.3,9.8,6,Kazahstan,55.15,12,2003,200,Pinot
1252,3.3,9.8,6,Italy,81.57,52,2012,201,Chardonnay
1253,3.45,9.8,5,Argentina,54.56,75,1967,196,RIESLING
1254,3.21,11.3,6,France,74,37,1961,196,Chardonnay
1255,3.11,9.8,7,Kazahstan,64.48,98,1992,199,Merlot
1256,3.16,11.5,6,Argentina,111.59,49,2001,200,Merlot
1257,3.1,9.2,5,Kazahstan,12.25,84,2013,201,Pinot
1258,3.31,10.3,5,France,44,91,1985,198,Merlot
1259,3.35,12.5,6,France,2,1,1961,196,Merlot
1260,3.17,12.2,7,Argentina,120.97,77,1976,197,RIESLING
1261,3.34,11.7,7,Montenegro,128.06,63,2005,200,RIESLING
1262,3.13,11,5,Kazahstan,50.01,81,1988,198,Shiraz
1263,3.22,9.4,6,Australia,62.66,62,2011,201,Shiraz
1264,3.23,12.5,6,Montenegro,103.48,97,1988,198,Merlot
1265,3.38,11.8,6,Argentina,103.26,83,1963,196,Pinot
1266,3.23,12.5,6,Australia,64.78,6,2005,200,Merlot
1267,3.38,10.3,6,Australia,166.56,86,1980,198,Pinot
1268,3.18,12.72,5,California,158.76,6,1993,199,Pinot
1269,3.16,9.7,6,Montenegro,61.85,8,2013,201,Pinot
1270,3.28,13.12,5,California,141.27,6,2011,201,Chardonnay
1271,3.16,9.2,6,Italy,166.8,59,2008,200,Shiraz
1272,3.38,11.7,6,France,128,64,1993,199,Pinot
1273,3.16,9.2,6,Italy,67.27,86,1991,199,Chardonnay
1274,3.28,9.5,6,Australia,192.63,0,2013,201,RIESLING
1275,3.29,13.16,5,California,110.45,79,1982,198,RIESLING
1276,3.24,9.7,5,Kazahstan,62.64,83,1985,198,RIESLING
1277,3.37,11.5,7,France,120,60,2008,200,Merlot
1278,3.3,10.4,6,Italy,76.06,14,1980,198,Shiraz
1279,3.3,10,7,Italy,328.78,66,1978,197,RIESLING
1280,3.3,10.4,6,Australia,189.23,44,1976,197,Chardonnay
1281,3.3,10.1,5,Montenegro,71.19,25,2000,200,Pinot
1282,3.42,11,6,Italy,144.7,60,1992,199,Shiraz
1283,3.39,11,5,Italy,99.49,4,2012,201,Pinot
1284,3.3,9.4,5,Italy,116.8,89,1966,196,RIESLING
1285,3.32,9.5,6,France,122,61,1973,197,Shiraz
1286,3.27,13.08,6,California,100.12,43,1981,198,RIESLING
1287,3.12,9.3,6,Kazahstan,52.46,88,1991,199,Chardonnay
1288,3.41,9.5,6,Australia,93.47,75,2010,201,Pinot
1289,3.3,10.2,5,Italy,20.65,3,1971,197,Shiraz
1290,3.19,12.76,6,California,184.72,53,2006,200,Merlot
1291,3.19,9.5,6,Montenegro,132.19,37,1978,197,Chardonnay
1292,3.36,9.4,5,Kazahstan,62.46,84,1994,199,Pinot
1293,3.12,9.3,6,Italy,112.26,70,2005,200,Merlot
1294,3.45,13.8,4,California,17.97,65,1987,198,RIESLING
1295,3.2,9.2,5,Kazahstan,63.08,96,1973,197,Shiraz
1296,3.39,9.5,5,Argentina,188.27,92,1990,199,RIESLING
1297,3.51,14.04,5,California,110.84,66,2013,201,RIESLING
1298,3.22,10.1,6,Kazahstan,57.88,78,1998,199,RIESLING
1299,3.38,13.52,6,California,142.21,82,2012,201,Pinot
1300,3.68,9.6,5,Argentina,93.5,67,1993,199,RIESLING
1301,3.67,9.7,5,Italy,107.29,83,1992,199,Merlot
1302,3.67,9.6,5,France,100,50,2009,200,RIESLING
1303,3.16,9.9,5,France,34,79,1987,198,Pinot
1304,3.36,13.44,5,California,21.92,13,2008,200,Merlot
1305,3.05,9.5,5,Australia,192.13,82,2008,200,Shiraz
1306,3.41,10.1,6,Italy,98.56,87,1986,198,Chardonnay
1307,3.22,10.3,6,Montenegro,131.05,60,1975,197,Merlot
1308,3.3,10.5,5,France,196,98,1992,199,Shiraz
1309,3.4,11,7,Australia,301.97,94,2014,201,Pinot
1310,3.2,9.2,5,Montenegro,135.43,40,1997,199,Shiraz
1311,3.4,10.9,7,Italy,372.03,75,1999,199,Pinot
1312,3.37,10.3,6,Montenegro,70.6,29,1961,196,Merlot
1313,3.1,10.3,6,France,0,87,1982,198,Chardonnay
1314,3.31,9.8,5,Italy,69.04,58,1995,199,Merlot
1315,3.31,9.8,5,Argentina,109.13,37,1968,196,Pinot
1316,3.36,9.1,5,Argentina,85.63,99,2001,200,Chardonnay
1317,3.25,9.9,7,Kazahstan,50.3,62,1973,197,Chardonnay
1318,3.12,12.48,6,California,150.99,70,1973,197,Chardonnay
1319,3.38,10.5,7,France,34,17,1968,196,Pinot
1320,3.23,12.6,8,Argentina,111.29,19,1965,196,RIESLING
1321,3.28,10.1,6,Kazahstan,64.24,47,1960,196,Merlot
1322,3.69,9.4,6,Montenegro,88.72,63,1993,199,Pinot
1323,3.36,10.7,6,Australia,189.54,100,2003,200,Pinot
1324,3.38,9.4,5,France,134,67,2007,200,Shiraz
1325,3.31,9.4,5,Montenegro,179.06,67,2010,201,Pinot
1326,3.22,10.1,5,Australia,72.39,11,2001,200,Pinot
1327,3.28,10.1,6,Argentina,122.23,48,2013,201,RIESLING
1328,3.36,10.7,6,Australia,193.4,62,1980,198,Pinot
1329,3.28,10.1,6,Montenegro,101.45,74,2001,200,Merlot
1330,3.29,9.8,6,Italy,110.2,67,2006,200,Chardonnay
1331,3.69,9.4,6,Argentina,158.78,34,1980,198,Merlot
1332,3.2,10.2,7,France,164,82,2004,200,Merlot
1333,3.08,10.9,5,Italy,116.29,84,1965,196,Merlot
1334,3.28,13.12,5,California,140.61,92,1974,197,Chardonnay
1335,3.34,10,5,Kazahstan,62.41,67,2014,201,Shiraz
1336,3.29,9.3,5,Montenegro,125.64,37,1971,197,Pinot
1337,3.36,10.5,7,France,184,92,1991,199,RIESLING
1338,3.06,9.4,5,Argentina,148.69,82,1965,196,Pinot
1339,3.36,9.5,5,Montenegro,129.86,90,1976,197,Merlot
1340,3.49,9.2,5,Montenegro,98.28,40,2006,200,Chardonnay
1341,3.36,10.5,6,Montenegro,97.38,78,1987,198,Merlot
1342,3.36,10.5,6,Italy,63.46,43,2013,201,Shiraz
1343,3.22,9.2,5,France,198,99,1969,196,Pinot
1344,3.26,9.3,5,France,6,3,1994,199,Chardonnay
1345,3.47,9.9,6,France,54,79,1983,198,Merlot
1346,3.25,10.2,6,Australia,95.44,7,1973,197,Shiraz
1347,3.23,9.5,5,France,102,51,1969,196,Pinot
1348,3.17,10.5,5,Argentina,166.16,8,1999,199,Shiraz
1349,3.47,9.9,6,France,0,0,1971,197,Pinot
1350,3.41,13.64,5,California,98.12,6,2008,200,Pinot
1351,3.22,10,6,Italy,52.23,66,1983,198,RIESLING
1352,3.61,14.44,6,California,191.04,27,1972,197,RIESLING
1353,3.35,9.8,6,Montenegro,128.05,90,1982,198,RIESLING
1354,3.2,9.3,5,Montenegro,112.82,47,2012,201,Pinot
1355,3.38,9.5,5,France,72,36,1995,199,Chardonnay
1356,3.61,14.44,6,California,186.86,74,1960,196,Chardonnay
1357,3.07,9.2,7,France,54,88,1988,198,Shiraz
1358,3.4,11,7,Australia,176.12,63,1966,196,Shiraz
1359,3,9.3,5,France,28,14,1995,199,Chardonnay
1360,3.32,9,6,Kazahstan,62.76,97,1976,197,Chardonnay
1361,3.24,10.9,5,Italy,43.22,96,1975,197,Chardonnay
1362,3.37,9.2,6,Montenegro,89.64,71,2010,201,RIESLING
1363,3.37,9,6,Australia,125.97,94,2000,200,RIESLING
1364,3.59,14.36,4,California,50.65,55,1969,196,Merlot
1365,3.37,9,6,Argentina,94.65,54,2000,200,Shiraz
1366,3.46,11,5,Argentina,135.77,70,1996,199,RIESLING
1367,3.34,9.6,6,Argentina,109.56,7,1964,196,Pinot
1368,3.25,10.5,6,France,50,25,2014,201,Pinot
1369,3.37,9.9,6,Montenegro,101.8,23,2006,200,Shiraz
1370,3.54,14.16,7,California,126.72,79,1987,198,Merlot
1371,3.46,13.84,5,California,95.7,80,1963,196,RIESLING
1372,3.37,10.5,6,Argentina,158.69,67,1990,199,Chardonnay
1373,3.39,13.56,5,California,186.05,83,1965,196,Chardonnay
1374,3.04,9.5,6,Argentina,117.31,1,2009,200,Shiraz
1375,3.37,10.5,6,Montenegro,112.74,34,1991,199,Pinot
1376,3.26,9.9,5,Australia,171.82,42,2002,200,Pinot
1377,3.37,9.6,4,France,18,9,2000,200,Merlot
1378,3.15,12.6,5,California,106.89,43,1995,199,Shiraz
1379,3.34,9.4,6,Montenegro,61.22,20,1993,199,Pinot
1380,3.3,9.5,5,France,170,97,1984,198,RIESLING
1381,3.36,13.44,5,California,119.65,90,1986,198,RIESLING
1382,3.14,11,5,Montenegro,147.82,86,1984,198,RIESLING
1383,3.34,10.5,5,Kazahstan,72.13,9,2008,200,Chardonnay
1384,3.24,9.8,6,France,54,27,1969,196,Pinot
1385,3.3,10.1,5,Montenegro,62.79,20,1993,199,Chardonnay
1386,3.35,10,6,Australia,166.46,3,1969,196,Merlot
1387,3.3,12.4,6,France,194,87,1982,198,Shiraz
1388,3.32,11.9,7,Australia,290.22,30,2005,200,Chardonnay
1389,3.29,9.3,5,France,52,26,1965,196,Merlot
1390,3.54,13.57,7,Australia,252.77,0,2004,200,Pinot
1391,3.2,10.8,7,Argentina,198.14,54,1995,199,Shiraz
1392,3.37,11,5,Kazahstan,30.7,36,1974,197,Chardonnay
1393,3.34,9.2,6,Montenegro,188.92,34,1965,196,Pinot
1394,3.34,9.2,5,Kazahstan,67.64,83,1996,199,Chardonnay
1395,3.04,9.3,5,Montenegro,60.53,92,1987,198,Chardonnay
1396,3.22,10.3,7,France,172,86,1974,197,Pinot
1397,3.28,12,4,Kazahstan,12.51,56,1970,197,RIESLING
1398,3.11,10.1,6,Argentina,190.44,90,1987,198,RIESLING
1399,3.52,10.2,7,Kazahstan,49,94,1970,197,Merlot
1400,3.46,10.2,5,Italy,102.34,17,1978,197,Merlot
1401,3.25,9.4,5,Italy,109.83,29,2003,200,RIESLING
1402,3.28,13.12,5,California,125.07,13,2010,201,Merlot
1403,3.28,9.7,5,Kazahstan,55.76,70,1991,199,Shiraz
1404,3.28,9.5,5,Kazahstan,67.99,12,2014,201,Pinot
1405,3.57,9.8,6,Australia,64.04,87,1967,196,Pinot
1406,3.23,9.4,5,Kazahstan,47.91,60,1990,199,Pinot
1407,3.22,12.88,6,California,142.82,15,1979,197,Pinot
1408,3.2,9.5,5,Australia,126.71,14,1966,196,Merlot
1409,3.2,9.5,5,Kazahstan,69.61,30,1997,199,RIESLING
1410,3.39,9.7,5,Australia,148.66,65,1981,198,Shiraz
1411,3.34,9.2,8,Italy,767.17,87,1985,198,Shiraz
1412,3.26,9.7,5,Australia,196.56,69,1985,198,Chardonnay
1413,3.52,9.3,6,Australia,84.34,77,1984,198,RIESLING
1414,3.54,9.3,5,Australia,158.22,63,1960,196,Shiraz
1415,3.12,9.3,5,Montenegro,197.53,25,1967,196,Pinot
1416,3.19,9.5,5,Kazahstan,63.04,19,1981,198,RIESLING
1417,3.19,9.5,5,France,190,95,2006,200,Pinot
1418,3.48,9.6,5,Argentina,117.66,79,2008,200,Shiraz
1419,3.58,10.5,6,Australia,141.7,99,1963,196,Chardonnay
1420,3.33,9.5,5,France,118,59,2010,201,Chardonnay
1421,3.16,9.8,5,Argentina,60.07,32,1997,199,Shiraz
1422,3.33,9.5,5,France,106,53,1979,197,Chardonnay
1423,3.39,11.4,6,Montenegro,64.04,43,1976,197,Shiraz
1424,3.42,11.5,6,Argentina,97.09,14,1960,196,Merlot
1425,3.29,13.16,6,California,181.01,45,2009,200,Pinot
1426,3.26,9.6,6,Montenegro,18.64,89,2011,201,Shiraz
1427,3.29,9.2,6,Australia,123.11,42,1997,199,Pinot
1428,3.41,11.1,4,Argentina,7.71,52,2011,201,Pinot
1429,3,9.5,5,Argentina,111.47,76,1975,197,Shiraz
1430,3.47,10.4,6,Italy,108.42,73,1982,198,Pinot
1431,3.37,10.4,5,Kazahstan,34.15,5,1977,197,Chardonnay
1432,3.6,9.8,4,Argentina,40.7,2,1977,197,Pinot
1433,3.34,13.36,5,California,71.95,62,1975,197,RIESLING
1434,3.19,9.5,5,Montenegro,118.49,13,1975,197,Shiraz
1435,3.37,9.4,5,Montenegro,83.77,73,1983,198,Pinot
1436,3.37,9.4,5,Italy,199.08,47,1995,199,Pinot
1437,3.33,10,6,Kazahstan,66.79,75,1986,198,Pinot
1438,3.35,9.4,4,Australia,9.66,66,1983,198,RIESLING
1439,3.2,9.6,5,Montenegro,154.79,79,2002,200,Merlot
1440,3.59,9.3,6,Argentina,63.04,82,1984,198,Chardonnay
1441,3.48,9.3,5,France,30,15,1964,196,Merlot
1442,3.42,10.5,5,France,106,53,1970,197,Pinot
1443,3.42,10.5,5,Italy,80.63,17,1997,199,RIESLING
1444,3.42,10.5,5,Australia,67.77,52,1970,197,Chardonnay
1445,3.35,10.1,5,Kazahstan,55.62,89,1965,196,RIESLING
1446,3.35,13.4,5,California,177.61,96,2005,200,Chardonnay
1447,3.33,10.4,4,Italy,82.1,14,1980,198,RIESLING
1448,3.33,10.3,6,Montenegro,142.66,94,1974,197,Merlot
1449,3.11,9.3,5,France,178,89,1997,199,Pinot
1450,3.23,11.3,8,Italy,178.11,42,2011,201,Pinot
1451,3.54,10,5,Argentina,106.52,97,1999,199,Shiraz
1452,3.17,9.4,5,Argentina,157.8,26,1991,199,RIESLING
1453,3.68,14,6,France,56,28,2009,200,Pinot
1454,3.34,13.36,5,California,61.16,54,1978,197,Merlot
1455,3.68,14,6,Italy,179.44,56,2012,201,Merlot
1456,3.23,9.5,5,Australia,101.6,33,1990,199,Pinot
1457,3.19,9.6,5,Kazahstan,76.37,17,1970,197,Shiraz
1458,3.32,9.5,5,Australia,119.4,97,1960,196,Merlot
1459,3.33,9.5,5,Italy,65.46,34,2000,200,Merlot
1460,3.48,13.92,5,California,188.29,7,2003,200,Pinot
1461,3.23,9.5,5,Italy,103.92,45,2011,201,Merlot
1462,3.19,12.76,5,California,176.93,82,1988,198,Shiraz
1463,3.36,10.4,6,Australia,103.82,32,2008,200,RIESLING
1464,3.22,9.9,6,Montenegro,133.08,57,2014,201,Merlot
1465,3.4,13.6,6,California,95.91,49,2006,200,Shiraz
1466,3.63,13,5,Montenegro,110.18,83,2001,200,RIESLING
1467,3.24,9.4,5,Italy,137.58,81,2004,200,Shiraz
1468,3.42,9.4,5,Italy,112,48,1977,197,RIESLING
1469,3.42,10.5,7,Kazahstan,158.78,100,1966,196,Pinot
1470,3.54,10.9,5,France,90,73,1988,198,RIESLING
1471,3.53,10.9,5,Argentina,129.85,66,1994,199,RIESLING
1472,3.43,12.6,5,Argentina,11.42,67,1982,198,RIESLING
1473,3.16,12.64,5,California,73.51,13,1968,196,Chardonnay
1474,3.39,9.5,5,Australia,167.18,5,1961,196,Merlot
1475,3.44,9.5,5,France,56,28,1976,197,Shiraz
1476,3.21,10.9,6,Kazahstan,49.75,5,1974,197,RIESLING
1477,3.3,9,5,Australia,90.19,93,2012,201,RIESLING
1478,3.34,9.2,6,France,134,67,1989,198,Shiraz
1479,3.21,10.9,6,France,148,82,1985,198,RIESLING
1480,3.37,9.4,6,Australia,167.17,75,2001,200,RIESLING
1481,3.39,10,6,France,82,41,1993,199,Shiraz
1482,3.07,12.28,6,California,118.3,68,2002,200,Pinot
1483,3.19,9.5,5,France,184,92,2007,200,Chardonnay
1484,3.32,9.7,6,Italy,77.98,9,1979,197,Shiraz
1485,3.15,9.8,5,France,102,51,1996,199,RIESLING
1486,3.15,9.8,5,Montenegro,165.57,99,1984,198,Merlot
1487,3.19,9.5,5,Australia,104.06,75,1962,196,Shiraz
1488,3.21,9.3,5,Kazahstan,58.53,59,1980,198,Merlot
1489,3.37,9.6,6,Argentina,113.61,61,1961,196,Pinot
1490,3.46,9.3,5,Australia,189.74,84,2002,200,Merlot
1491,3.08,9.3,5,Montenegro,165.01,39,1971,197,Merlot
1492,3.29,9.2,5,Italy,79.54,6,2011,201,Pinot
1493,3.57,14.28,5,California,8.37,89,1973,197,RIESLING
1494,3.33,9.4,5,France,62,31,2014,201,Chardonnay
1495,3.29,9.2,5,Australia,176.48,76,1983,198,Chardonnay
1496,3.3,9,6,France,190,69,1987,198,Merlot
1497,3.31,10.4,6,Italy,92.78,94,1994,199,Chardonnay
1498,3.4,10.2,6,Argentina,188.02,0,2000,200,RIESLING
1499,3.39,9.8,5,France,122,61,2001,200,Pinot
1500,3.25,13,5,California,76.73,70,1966,196,RIESLING
1501,3.45,10.7,5,Australia,180.09,1,2007,200,Merlot
1502,3.85,12.9,6,Argentina,83.26,41,1980,198,Chardonnay
1503,3.5,11,4,Argentina,41.85,32,1974,197,Chardonnay
1504,3.39,9.6,5,Montenegro,83.49,24,2003,200,RIESLING
1505,2.93,11.72,5,California,195.44,5,1978,197,RIESLING
1506,2.93,9.9,6,Argentina,171.32,96,1979,197,Pinot
1507,3.23,9.5,5,Kazahstan,66.59,84,1974,197,Pinot
1508,3.48,9,5,Kazahstan,53.53,6,2014,201,Pinot
1509,3.14,9.5,5,Kazahstan,73.82,37,1968,196,Chardonnay
1510,3.39,9.6,5,Kazahstan,63.11,19,1996,199,Chardonnay
1511,2.93,9.9,6,Argentina,111.95,96,1976,197,Pinot
1512,3.41,10.1,5,Kazahstan,52.69,85,1976,197,Shiraz
1513,3.44,13.76,6,California,152.32,79,2008,200,Chardonnay
1514,3.16,9.4,5,Kazahstan,72.22,64,1968,196,Merlot
1515,3.36,9.1,5,Kazahstan,73.31,59,2014,201,Pinot
1516,3.41,9.2,5,Kazahstan,69.27,95,2001,200,Shiraz
1517,3.59,10,4,France,124,62,1963,196,Shiraz
1518,3.38,10.1,5,Italy,121.81,23,1999,199,Merlot
1519,3.52,10.7,6,Italy,139.97,19,2013,201,RIESLING
1520,3.54,10.5,5,Italy,156.35,50,1962,196,Chardonnay
1521,3.54,10.5,5,Kazahstan,56.86,36,1962,196,Chardonnay
1522,3.28,9.6,5,Australia,118.09,66,1988,198,RIESLING
1523,3.52,11,4,Argentina,95.47,95,1969,196,RIESLING
1524,3.31,13.24,5,California,45.65,62,1978,197,Shiraz
1525,3.32,9.5,5,Kazahstan,56.4,83,1985,198,Chardonnay
1526,3.32,9.5,6,Italy,85.17,33,2011,201,Merlot
1527,3.34,10.5,6,Kazahstan,72.92,65,1989,198,Pinot
1528,3.28,13.12,5,California,98.33,46,2003,200,Chardonnay
1529,3.31,10.1,6,France,18,9,1964,196,Shiraz
1530,3.42,10.2,6,Italy,146.24,63,2007,200,RIESLING
1531,3.44,10.7,5,France,34,17,2002,200,Merlot
1532,3.42,9.6,5,Italy,181.22,61,2004,200,RIESLING
1533,3.41,13.64,5,California,91.3,51,2013,201,Pinot
1534,3.41,10.9,5,Kazahstan,64.75,74,1962,196,Shiraz
1535,3.39,9.8,5,Australia,127.32,100,1966,196,Merlot
1536,3.36,13.44,6,California,58.77,87,1996,199,Pinot
1537,3.38,9.5,7,Argentina,154.46,39,1973,197,RIESLING
1538,3.21,12.84,5,California,178.66,69,1968,196,RIESLING
1539,3.44,9.2,5,Italy,172.43,55,1966,196,RIESLING
1540,3.41,13.64,6,California,146.46,7,1966,196,Chardonnay
1541,3.43,10,5,France,76,38,2003,200,Pinot
1542,3.26,9.4,5,France,132,66,1961,196,Shiraz
1543,3.04,9.6,5,Montenegro,111.11,13,1992,199,Merlot
1544,3.17,10.2,6,Montenegro,465.8,99,1982,198,Shiraz
1545,3.2,9.4,5,Italy,84.52,60,2002,200,Pinot
1546,3.36,10.1,6,Argentina,73.75,12,2002,200,Chardonnay
1547,3.4,9.4,6,Italy,64.6,0,1997,199,Shiraz
1548,3.15,9.2,5,Argentina,110.4,99,1964,196,RIESLING
1549,3.32,9.2,5,Australia,158.84,37,1998,199,RIESLING
1550,3.34,9.2,5,Montenegro,125.7,54,2009,200,RIESLING
1551,3.25,9.5,5,Australia,127.3,6,1992,199,Shiraz
1552,3.25,9.2,5,Argentina,144.63,99,2008,200,RIESLING
1553,3.51,11.3,6,Australia,19.44,94,1960,196,Pinot
1554,3.66,10.1,4,Kazahstan,14.85,26,1999,199,Chardonnay
1555,3.48,9.5,5,Argentina,86.91,98,1990,199,Pinot
1556,3.3,10.3,5,France,34,17,1998,199,Chardonnay
1557,3.21,10.5,6,Italy,79.75,55,1962,196,Shiraz
1558,3.33,13.32,4,California,21.48,77,1984,198,Shiraz
1559,3.33,10.5,5,France,84,42,2012,201,RIESLING
1560,3.33,10.5,5,France,128,64,1993,199,Chardonnay
1561,3.53,10.9,4,France,126,92,1987,198,Chardonnay
1562,3.54,13.6,7,Australia,256.72,53,2000,200,RIESLING
1563,3.42,10.8,6,Italy,102.65,43,1962,196,Pinot
1564,3.4,9.6,6,Argentina,180.86,93,1988,198,Pinot
1565,3.38,9.2,5,Kazahstan,61.52,77,1996,199,Merlot
1566,3.45,9.4,6,Australia,182,50,1966,196,Chardonnay
1567,3.17,9.8,5,Montenegro,120.32,26,1974,197,Pinot
1568,3.46,10.6,6,Italy,181.91,100,1990,199,Chardonnay
1569,3.35,10.1,5,Australia,60.67,86,2006,200,Pinot
1570,3.38,9.8,6,Italy,123.1,99,1986,198,Chardonnay
1571,3.47,9.4,5,Italy,78.69,9,1993,199,RIESLING
1572,3.17,9.5,5,Argentina,119.15,67,1964,196,Chardonnay
1573,3.28,9.5,5,Argentina,102.15,38,1998,199,Shiraz
1574,3.58,12.5,6,Australia,189.99,72,1985,198,Merlot
1575,3.34,9.3,5,Kazahstan,49.53,76,1970,197,RIESLING
1576,3.43,9.7,6,Australia,113.07,95,1988,198,Merlot
1577,3.17,12.68,5,California,123.01,33,2012,201,Shiraz
1578,3.17,9.5,5,Argentina,133.08,86,1984,198,RIESLING
1579,3.52,9.7,5,Montenegro,98.57,27,1991,199,Chardonnay
1580,3.39,13.56,6,California,186.65,11,2006,200,RIESLING
1581,3.39,9.05,4,Australia,34.7,89,2013,201,Shiraz
1582,3.11,9.3,5,France,62,31,1999,199,RIESLING
1583,3.3,10.5,7,Kazahstan,663.69,30,1970,197,RIESLING
1584,3.17,12.68,5,California,194.97,14,1993,199,Merlot
1585,3.29,11.6,7,Montenegro,83.71,49,1999,199,Shiraz
1586,3.16,9.2,5,Australia,190,87,2005,200,RIESLING
1587,3.26,9.1,5,France,174,88,1982,198,Pinot
1588,3.58,9.9,5,France,94,47,1997,199,RIESLING
1589,3.35,10.5,5,Kazahstan,60.75,98,1975,197,Pinot
1590,3.28,13.12,5,California,103.96,55,1991,199,RIESLING
1591,3.35,13.4,5,California,102.36,61,1976,197,Shiraz
1592,3.36,9.5,7,Kazahstan,550.66,55,1967,196,Shiraz
1593,3.42,10,7,Australia,295.58,59,1976,197,Pinot
1594,3.3,9.4,5,Montenegro,117.93,10,2011,201,Shiraz
1595,3.51,9.4,5,Italy,110.01,92,1989,198,RIESLING
1596,3.16,9.8,6,Italy,141.72,13,2004,200,RIESLING
1597,3.26,13.04,5,California,120.06,12,2011,201,Merlot
1598,3.51,9.4,5,Argentina,129.58,25,2013,201,RIESLING
1599,3.39,13.56,6,California,140.11,71,1984,198,Merlot
1600,4,12.04,5,Montenegro,246.26,35,1996,199,Shiraz
1601,4,12.18,6,Montenegro,296.96,28,1968,196,Merlot
1602,4,14.37,5,Kazahstan,501.25,68,1982,198,RIESLING
1603,4,14.7,6,France,20,73,1986,198,Shiraz
1604,4,10.94,5,Montenegro,72.24,61,2010,201,Chardonnay
1605,4,12.1,5,Montenegro,294.39,47,2004,200,Merlot
1606,4,16,5,California,571.37,11,1994,199,Chardonnay
1607,3.99,15.96,8,California,851.46,52,2008,200,Pinot
1608,4,14.51,6,Argentina,12.2,27,1993,199,Shiraz
1609,3.95,13.97,7,France,66,33,2002,200,Chardonnay
1610,3.98,13.84,5,Australia,572.03,95,1968,196,Shiraz
1611,3.96,15.84,6,California,645.4,59,1996,199,Merlot
1612,4,11.82,5,Italy,82.05,65,1965,196,Merlot
1613,4,8.56,6,Kazahstan,402.9,8,2013,201,RIESLING
1614,3.91,10.91,7,France,178,89,1965,196,RIESLING
1615,4,11.94,7,Italy,11.78,70,1969,196,Chardonnay
1616,3.88,15.52,5,California,146.03,9,2009,200,RIESLING
1617,4,12.93,7,France,150,75,2000,200,Shiraz
1618,3.98,10.6,5,France,24,12,2014,201,Merlot
1619,4,13.2,6,Australia,480.8,56,1969,196,Pinot
1620,4,12.5,8,France,176,88,2010,201,Chardonnay
1621,3.97,11.42,6,Argentina,528.75,35,1963,196,Pinot
1622,4,16,7,California,12.43,80,1969,196,Chardonnay
1623,4,16,7,California,100.5,64,1971,197,RIESLING
1624,3.87,11.73,7,Italy,13.5,32,2007,200,Shiraz
1625,4,16,6,California,622.76,40,2000,200,Chardonnay
1626,4,14.19,7,France,92,46,2005,200,Pinot
1627,4,13.23,5,Kazahstan,219.52,30,2013,201,Chardonnay
1628,3.93,9.33,5,Australia,299.52,94,1985,198,Pinot
1629,4,16,8,California,603.68,45,2004,200,Shiraz
1630,3.99,15.96,5,California,369.14,91,1963,196,Pinot
1631,4,10.78,5,Kazahstan,402.89,97,1986,198,Shiraz
1632,3.88,11.49,6,Kazahstan,608.32,7,2009,200,Shiraz
1633,4,12.43,8,Australia,573.74,63,1980,198,Shiraz
1634,3.77,13.05,7,Italy,113.53,60,1981,198,Pinot
1635,4,16,5,California,648.94,38,1963,196,RIESLING
1636,3.93,11.35,7,Montenegro,765.56,24,1996,199,Merlot
1637,4,13.62,6,Montenegro,86.62,1,2005,200,Chardonnay
1638,4,14.4,6,Argentina,341.91,92,1987,198,Merlot
1639,3.91,8.44,6,Australia,198.67,55,1973,197,RIESLING
1640,4,9.59,6,Italy,691.3,33,1971,197,Merlot
1641,3.87,11.57,6,Argentina,287.05,90,1995,199,Merlot
1642,3.45,13.73,6,Montenegro,233,7,2013,201,Shiraz
1643,4,13.5,5,Australia,611.92,58,2002,200,RIESLING
1644,4,13.6,6,Montenegro,395.58,36,2011,201,Merlot
1645,3.91,12.42,7,Montenegro,455.65,28,2013,201,Merlot
1646,4,11.04,6,Italy,233.99,78,1995,199,Shiraz
1647,4,11.77,5,Kazahstan,338.97,22,2002,200,Chardonnay
1648,3.99,8.83,7,Kazahstan,566.45,33,2009,200,Shiraz
1649,4,8.57,8,Argentina,909,29,1971,197,RIESLING
1650,2.94,8.96,6,Italy,6.9,30,1993,199,Pinot
1651,3.07,14.26,8,Italy,6.1,94,2001,200,Shiraz
1652,3.17,13.61,6,Italy,24,98,2005,200,RIESLING
1653,3.13,11.66,5,Italy,5.5,50,1976,197,RIESLING
1654,3.1,9.63,5,Italy,13,40,2010,201,Pinot
1655,3.05,13.48,5,Italy,19.5,45,1997,199,Pinot
1656,3.27,13.36,4,Italy,8.5,45,1969,196,Shiraz
1657,3.11,9.52,6,Italy,4.5,68,1993,199,Shiraz
1658,3.12,14.46,8,Italy,9.1,7,1997,199,RIESLING
1659,3.11,11.68,4,Italy,15.5,23,1962,196,Pinot
1660,3.01,8.84,6,Italy,5.9,61,1966,196,Pinot
1661,2.94,13.78,3,Italy,9.9,85,1970,197,Merlot
1662,3.02,14.67,5,Italy,2,64,2009,200,Chardonnay
1663,2.77,12.7,3,Italy,8,57,2007,200,RIESLING
1664,2.85,9.18,7,Italy,7.3,74,2014,201,Chardonnay
1665,2.94,9.88,6,Italy,5.3,69,1980,198,Merlot
1666,3.18,10.35,8,Italy,12,5,1994,199,Chardonnay
1667,3.23,10.58,8,Italy,8.6,20,1974,197,RIESLING
1668,3.3,9.52,8,Italy,5.2,97,2007,200,Pinot
1669,3.9,14,7,Italy,7.6,61,1966,196,Chardonnay
1670,3.71,14.3,8,Montenegro,1,65,1968,196,Merlot
1671,3.69,14.59,5,Montenegro,8.8,77,1982,198,RIESLING
1672,3.42,14.05,4,Montenegro,21.5,77,1972,197,RIESLING
1673,3.01,14.14,3,Montenegro,1,92,2000,200,Pinot
1674,3.25,14.8,8,Montenegro,2,98,1992,199,Pinot
1675,3.22,14.4,6,Montenegro,5.5,42,1978,197,Pinot
1676,2.84,14.06,3,Montenegro,16,32,1980,198,Shiraz
1677,3.52,14.23,5,Montenegro,1.5,65,1994,199,Merlot
1678,3.58,14.51,7,Montenegro,7.5,59,2007,200,Pinot
1679,3.61,14.01,8,Montenegro,15.5,98,1999,199,Chardonnay
1680,3.35,14.61,6,Montenegro,2,66,2000,200,Pinot
1681,2.82,14.03,6,Montenegro,14.5,65,1962,196,Pinot
1682,3.81,14.63,3,Montenegro,6,30,2000,200,Shiraz
1683,3.68,14.76,8,Montenegro,8.6,80,1994,199,RIESLING
1684,2.95,14.02,8,Montenegro,9.1,77,2008,200,Pinot
1685,3.08,14.83,7,Montenegro,9,46,1976,197,RIESLING
1686,2.95,14.16,7,Montenegro,9.5,90,2007,200,Pinot
1687,2.92,14.62,8,Montenegro,23.5,30,1997,199,Chardonnay
1688,3.86,14.86,5,Montenegro,24,6,1965,196,Merlot
1689,3.53,14.34,3,Montenegro,14,89,1997,199,Chardonnay
1690,2.96,14.11,4,Montenegro,13,53,1969,196,Shiraz
1691,3.56,14.41,7,Montenegro,5.9,28,1967,196,Chardonnay
1692,2.82,14.76,7,Montenegro,7.1,86,1974,197,Merlot
1693,3.43,14.6,5,Montenegro,6.3,20,2005,200,Pinot
1694,3.65,14.18,3,Montenegro,9.7,100,1991,199,Chardonnay
1695,3.05,14.77,4,Montenegro,16.5,63,1979,197,Pinot
1696,3.66,14.71,8,Montenegro,18.5,77,1996,199,Shiraz
1697,3.39,14.7,4,Montenegro,8.6,48,2007,200,RIESLING
1698,3.03,14.22,7,Montenegro,14.5,5,1964,196,Merlot
1699,3.32,14.87,6,Montenegro,8.3,72,1982,198,RIESLING
1700,3.94,14.35,3,Montenegro,7.8,21,1993,199,Chardonnay
1701,3.11,14.3,5,Montenegro,7.9,83,1986,198,Pinot
1702,3.23,14.63,3,Montenegro,7.5,72,1966,196,Chardonnay
1703,3.84,14.23,7,Montenegro,6.4,93,1985,198,Pinot
1704,3.58,14.66,8,Montenegro,7,72,1974,197,Pinot
1705,2.87,14.25,7,Montenegro,9.5,75,1988,198,Shiraz
1706,2.86,14.63,5,Montenegro,9.5,99,1982,198,Shiraz
1707,2.83,14.3,3,Montenegro,8.2,28,2012,201,Shiraz
1708,3.34,14.89,7,Montenegro,11.48,8,2007,200,Pinot
1709,2.87,14.83,8,Montenegro,4.5,25,1994,199,Pinot
1710,3.71,14.38,5,Montenegro,6.3,23,1981,198,Pinot
1711,3.41,14.26,6,Montenegro,5.6,35,2006,200,RIESLING
1712,3.16,14.54,7,Montenegro,1.5,37,1991,199,Chardonnay
1713,3.43,14.23,8,Montenegro,7,94,1988,198,RIESLING
1714,3.54,14.36,6,Montenegro,2.5,87,1965,196,RIESLING
1715,3.9,14.03,4,Montenegro,21.5,77,1985,198,Merlot
1716,3.68,14.66,5,Montenegro,7.3,77,1990,199,RIESLING
1717,3.07,14.75,3,Montenegro,17,83,1982,198,Chardonnay
1718,3.34,14.49,8,Montenegro,9.8,80,1963,196,Pinot
1719,3.15,14.36,3,Montenegro,8.3,65,1984,198,Chardonnay
1720,3.08,14.73,4,Montenegro,6.5,25,2000,200,Chardonnay
1721,3.8,14.09,8,Montenegro,6.7,25,1990,199,RIESLING
1722,3.64,14.03,8,Montenegro,9.3,55,1972,197,Chardonnay
1723,3.98,14.57,5,Montenegro,5.3,64,1963,196,Pinot
1724,3.12,14.8,4,Montenegro,9.4,93,1999,199,Chardonnay
1725,2.94,14.35,8,Montenegro,5.6,20,1990,199,Pinot
1726,3.56,14.39,5,Montenegro,6,72,1985,198,Shiraz
1727,3.46,14.86,3,Montenegro,20,64,1996,199,Shiraz
1728,3.7,14.7,8,Montenegro,1.5,83,1966,196,Merlot
1729,3.57,14.79,8,Montenegro,7.3,88,2013,201,Shiraz
1730,2.82,14.76,3,Montenegro,16.5,14,1996,199,Chardonnay
1731,3.25,14.21,7,Montenegro,7.5,50,2007,200,Pinot
1732,2.8,14.25,4,Montenegro,8.8,84,2010,201,Shiraz
1733,2.77,14.12,3,Montenegro,7.1,58,1994,199,Shiraz
1734,3.55,14.75,8,Montenegro,7,32,1998,199,Merlot
1735,3.72,14.27,3,Montenegro,6.9,92,1980,198,Pinot
1736,3.91,14.11,7,Montenegro,23.5,54,1969,196,Chardonnay
1737,3.48,14.55,4,Montenegro,8,86,2014,201,Pinot
1738,3.76,14.09,7,Montenegro,0.5,71,1988,198,Pinot
1739,2.76,14.5,8,Montenegro,12.5,96,1988,198,Pinot
1740,3.58,14.08,3,Montenegro,7.1,98,1985,198,Merlot
1741,3.41,14.7,5,Montenegro,9.7,13,1960,196,Pinot
1742,3.25,14.3,4,Montenegro,9.5,88,1988,198,Shiraz
1743,3.86,14.66,8,Montenegro,6,75,2000,200,RIESLING
1744,3.75,14.59,7,Montenegro,17,50,1999,199,Pinot
1745,2.74,14.5,4,Montenegro,5.8,20,1962,196,Merlot
1746,3.23,14.87,6,Montenegro,8,89,2009,200,Chardonnay
1747,3.19,14.83,7,Montenegro,8.2,52,1970,197,Shiraz
1748,3.37,14.56,3,Montenegro,7.9,52,2009,200,Pinot
1749,3.49,14.73,4,Montenegro,15.5,90,1969,196,Chardonnay
1750,3.8,14.27,7,Montenegro,9.3,26,2002,200,Merlot
1751,2.87,14.88,7,Montenegro,9.7,14,2007,200,Chardonnay
1752,3.86,14.34,8,Montenegro,6,12,1970,197,Shiraz
1753,3.91,14.24,8,Montenegro,17,25,1970,197,Shiraz
1754,4.01,14.83,7,Montenegro,7.4,40,1976,197,Pinot
1755,3.1,14.45,7,Montenegro,12.5,41,2006,200,RIESLING
1756,3.99,14.05,6,Montenegro,22,20,1998,199,Chardonnay
1757,2.89,14.02,6,Montenegro,10,71,2002,200,Shiraz
1758,3.77,14.44,7,Montenegro,20,48,1967,196,Chardonnay
1759,3.01,14.01,4,Montenegro,16,2,2010,201,Pinot
1760,3.74,14.29,3,Montenegro,7.8,9,1993,199,Pinot
1761,3.69,14.02,5,Montenegro,16.5,85,1996,199,Pinot
1762,3.27,14.75,8,Montenegro,7.8,11,1995,199,Chardonnay
1763,3.66,14.67,8,Montenegro,16.5,91,1999,199,Chardonnay
1764,3.46,14.67,8,Montenegro,19.5,52,1980,198,RIESLING
1765,3.92,14.44,3,Montenegro,6.9,87,1977,197,Shiraz
1766,3.73,14.09,5,Montenegro,12,34,1990,199,Merlot
1767,3.59,14.66,8,Montenegro,17,85,1977,197,Chardonnay
1768,2.96,14.18,7,Montenegro,2.5,63,1992,199,RIESLING
1769,3.58,14.42,3,Montenegro,7,29,1971,197,Shiraz
1770,2.75,14.8,8,Montenegro,17,77,2001,200,RIESLING
1771,3.85,14.55,7,Montenegro,7.9,48,2012,201,Merlot
1772,2.88,14.56,8,Montenegro,10,16,2012,201,Merlot
1773,3.41,14.76,4,Montenegro,24.5,59,2011,201,Chardonnay
1774,3.36,14.66,6,Montenegro,5.4,90,1989,198,Pinot
1775,3.48,14.4,7,Montenegro,7.2,86,2008,200,Merlot
1776,3.35,14.5,4,Montenegro,7.2,60,2011,201,Shiraz
1777,2.79,14.66,7,Montenegro,24.5,73,1968,196,Shiraz
1778,3.14,14.17,3,Montenegro,18.5,0,1993,199,Merlot
1779,3.92,14.38,6,Montenegro,6,51,1975,197,Shiraz
1780,2.78,14.39,3,Montenegro,7,88,1997,199,Shiraz
1781,2.85,14.85,3,Montenegro,16,92,1965,196,Chardonnay
1782,3.74,14.44,4,Montenegro,5.3,89,1982,198,Shiraz
1783,2.86,14.33,8,Montenegro,10,51,1981,198,Shiraz
1784,3.95,14.46,3,Montenegro,9,92,2006,200,Pinot
1785,3.88,14.52,8,Montenegro,7,72,1983,198,RIESLING
1786,2.85,14.87,3,Montenegro,6.5,74,1977,197,Pinot
1787,2.98,14.43,3,Montenegro,1,98,1989,198,Shiraz
1788,2.99,14.32,6,Montenegro,8.8,1,1976,197,RIESLING
1789,3.32,14.33,6,Montenegro,8.5,55,1968,196,Merlot
1790,3.8,14.63,3,Montenegro,17.5,91,1981,198,Shiraz
1791,3.76,14.22,4,Montenegro,20,96,2003,200,Shiraz
1792,3.56,14.15,3,Montenegro,8,21,1974,197,Chardonnay
1793,3.91,14.8,8,Montenegro,17,43,1991,199,Merlot
1794,3.52,14.07,7,Montenegro,6.5,12,1971,197,Chardonnay
1795,3.17,14.41,5,Montenegro,7.1,22,1961,196,Shiraz
1796,3.74,14.28,5,Montenegro,16.5,86,1985,198,RIESLING
1797,3.9,14.32,8,Montenegro,11.5,15,2006,200,RIESLING
1798,3.92,14.1,3,Montenegro,9.3,86,1967,196,Pinot
1799,3.02,14.44,6,Montenegro,6.5,43,1975,197,Chardonnay
1800,3.74,14.9,6,Montenegro,21,30,1967,196,Shiraz
1801,3.49,14.78,6,Montenegro,8.5,99,1963,196,Merlot
1802,3.12,14.39,8,Montenegro,22.5,60,1969,196,Shiraz
1803,2.79,14.19,7,Montenegro,12.5,81,2009,200,RIESLING
1804,3.52,14.32,8,Montenegro,3,27,2013,201,Pinot
1805,3.11,14.27,5,Montenegro,8.3,68,2010,201,Pinot
1806,3.89,14.33,7,Montenegro,8.6,76,1985,198,Chardonnay
1807,3.2,14.42,5,Montenegro,6.7,27,2007,200,RIESLING
1808,3.05,14.83,5,Montenegro,12,41,1963,196,Merlot
1809,2.85,14.12,4,Montenegro,23.5,67,1962,196,Pinot
1810,3.72,14.02,7,Montenegro,7.5,44,1961,196,Pinot
1811,3.04,14.32,7,Montenegro,7,98,2001,200,Pinot
1812,2.84,14.15,5,Montenegro,0.5,10,1980,198,Pinot
1813,3.94,14.81,8,Montenegro,8.4,49,2006,200,Pinot
1814,2.99,14.51,5,Montenegro,17,31,1992,199,Merlot
1815,3.1,14.56,6,Montenegro,8.3,55,2000,200,Shiraz
1816,3.68,14.03,8,Montenegro,9.2,78,1983,198,Shiraz
1817,3.21,14.44,8,Montenegro,23,86,1991,199,RIESLING
1818,3.12,14.48,7,Montenegro,9.1,82,1985,198,Pinot
1819,3.7,14.12,3,Montenegro,8.3,73,1973,197,Pinot
1820,3.57,14.52,6,Montenegro,10.5,24,2005,200,Chardonnay
1821,3.02,14.22,3,Montenegro,19,35,1996,199,RIESLING
1822,3.92,14.54,8,Montenegro,6,84,1964,196,Pinot
1823,3.98,14.12,5,Montenegro,4.5,55,2011,201,Shiraz
1824,3.32,14.7,7,Montenegro,7,9,2013,201,Pinot
1825,3.9,14.39,4,Montenegro,6.4,67,1992,199,Chardonnay
1826,3.93,14.49,5,Montenegro,24.5,92,2002,200,Merlot
1827,2.8,14.76,7,Montenegro,7,44,2004,200,RIESLING
1828,2.83,14.1,6,Montenegro,6.4,65,1987,198,Merlot
1829,3.28,14.49,3,Montenegro,20,84,1981,198,Merlot
1830,3.84,14.8,7,Montenegro,6.5,42,1991,199,Pinot
1831,3.52,14.25,8,Montenegro,14,10,2004,200,Merlot
1832,2.88,14.33,6,Montenegro,8.5,68,1967,196,Pinot
1833,3.92,14.64,6,Montenegro,24.5,58,1970,197,Merlot
1834,3.17,14.64,3,Montenegro,7.5,95,2002,200,Pinot
1835,3.24,14.8,6,Montenegro,16,80,1997,199,Chardonnay
1836,3.36,14.82,4,Montenegro,23.5,87,1985,198,RIESLING
1837,3.81,14.8,4,Montenegro,19,8,2010,201,Shiraz
1838,3.99,14.06,6,Montenegro,6.4,26,1995,199,Pinot
1839,3.44,14.66,4,Montenegro,5.4,44,1995,199,Chardonnay
1840,3.8,14.84,8,Montenegro,5.4,25,1998,199,Pinot
1841,3.75,14.07,4,Montenegro,2.5,47,2007,200,RIESLING
1842,3.38,14.06,5,Montenegro,3.5,57,1978,197,Chardonnay
1843,3.33,14.51,8,Montenegro,21.5,82,2000,200,RIESLING
1844,3.99,14.59,6,Montenegro,5.1,90,2013,201,Chardonnay
1845,3.7,14.44,4,Montenegro,15,98,2007,200,Chardonnay
1846,3.41,14.87,5,Montenegro,20,34,2005,200,RIESLING
1847,3.24,14.22,7,Montenegro,5.9,38,1980,198,Chardonnay
1848,3.18,14.1,4,Montenegro,2,94,2004,200,Chardonnay
1849,3.5,14.65,4,Montenegro,8,25,2006,200,RIESLING
1850,2.75,8.68,8,Montenegro,7.7,38,2009,200,Pinot
1851,3.25,14,3,Montenegro,14,77,1972,197,Merlot
1852,3.77,10.56,3,Montenegro,23,90,1992,199,Shiraz
1853,2.83,14,4,Montenegro,22.5,58,2001,200,Chardonnay
1854,2.81,8.7,3,Montenegro,2,40,1996,199,Chardonnay
1855,3.34,8.49,4,Montenegro,6.5,95,1983,198,Shiraz
1856,3.48,14,6,Montenegro,8.6,85,1985,198,RIESLING
1857,2.99,9.7,8,Montenegro,4.5,63,2007,200,Chardonnay
1858,3.27,13.43,8,Montenegro,24.5,52,1965,196,RIESLING
1859,3.44,9.25,8,Montenegro,8.7,70,1977,197,Merlot
1860,3.66,10.78,5,Montenegro,15,67,2004,200,Shiraz
1861,3.3,11.32,8,Montenegro,3,52,1991,199,Shiraz
1862,3.78,11.76,5,Montenegro,7.4,62,1973,197,Chardonnay
1863,2.81,9.77,8,Montenegro,9.6,84,1988,198,RIESLING
1864,3.19,8.89,7,Montenegro,8,43,2012,201,Chardonnay
1865,3.56,9.8,5,Montenegro,2.5,92,2009,200,Shiraz
1866,3.98,14,4,Montenegro,7.6,28,2012,201,Merlot
1867,3.78,13.14,3,Montenegro,17,8,1973,197,Pinot
1868,2.89,10.84,7,Montenegro,8.2,27,1964,196,Chardonnay
1869,3.81,9.95,8,Montenegro,8.1,44,1996,199,Shiraz
